id;nazwa;info_zab;cena
"ZBRLC1000B";"Brother  LC 1000 black";"0.0";"0.0"
"ZBRLC1000C";"Brother  LC 1000 cyan";"0.0";"0.0"
"ZBRLC1000M";"Brother  LC 1000 magenta";"0.0";"0.0"
"ZBRLC1000Y";"Brother  LC 1000 yellow";"0.0";"0.0"
"ZBRLC1100B";"Brother  LC 1100 black";"0.0";"0.0"
"ZBRLC1100C";"Brother  LC 1100 cyan";"0.0";"0.0"
"ZBRLC1100M";"Brother  LC 1100 magenta";"0.0";"0.0"
"ZBRLC1100Y";"Brother  LC 1100 yellow";"0.0";"0.0"
"ZBRLC1100HYB";"Brother  LC 1100HY black";"0.0";"0.0"
"ZBRLC1100HYC";"Brother  LC 1100HY cyan";"0.0";"0.0"
"ZBRLC1100HYM";"Brother  LC 1100HY magenta";"0.0";"0.0"
"ZBRLC1100HYY";"Brother  LC 1100HY yellow";"0.0";"0.0"
"ZCBRLC121B";"Brother  LC 121 black";"0.0";"0.0"
"ZCBRLC121C";"Brother  LC 121 cyan";"0.0";"0.0"
"ZCBRLC121M";"Brother  LC 121 magenta";"0.0";"0.0"
"ZCBRLC121Y";"Brother  LC 121 yellow";"0.0";"0.0"
"ZCBRLC1220B";"Brother  LC 1220 black";"0.0";"0.0"
"ZCBRLC1220C";"Brother  LC 1220 cyan";"0.0";"0.0"
"ZCBRLC1220M";"Brother  LC 1220 magenta";"0.0";"0.0"
"ZCBRLC1220Y";"Brother  LC 1220 yellow";"0.0";"0.0"
"ZCBRLC123B";"Brother  LC 123 black";"0.0";"0.0"
"ZCBRLC123C";"Brother  LC 123 cyan";"0.0";"0.0"
"ZCBRLC123M";"Brother  LC 123 magenta";"0.0";"0.0"
"ZCBRLC123Y";"Brother  LC 123 yellow";"0.0";"0.0"
"ZGBRLC1240B";"Brother  LC 1240 black";"0.0";"0.0"
"ZGBRLC1240C";"Brother  LC 1240 cyan";"0.0";"0.0"
"ZGBRLC1240M";"Brother  LC 1240 magenta";"0.0";"0.0"
"ZGBRLC1240Y";"Brother  LC 1240 yellow";"0.0";"0.0"
"ZCBRLC125XLC";"Brother  LC 125XL cyan";"0.0";"0.0"
"ZCBRLC125XLM";"Brother  LC 125XL magenta";"0.0";"0.0"
"ZCBRLC125XLY";"Brother  LC 125XL yellow";"0.0";"0.0"
"ZCBRLC127XLB";"Brother  LC 127XL black";"0.0";"0.0"
"ZCBRLC1280B";"Brother  LC 1280 black";"0.0";"0.0"
"ZCBRLC1280C";"Brother  LC 1280 cyan";"0.0";"0.0"
"ZCBRLC1280M";"Brother  LC 1280 magenta";"0.0";"0.0"
"ZCBRLC1280Y";"Brother  LC 1280 yellow";"0.0";"0.0"
"ZCBRLC129XLB";"Brother  LC 129XL black";"0.0";"0.0"
"ZCBRLC221B";"Brother  LC 221 black";"0.0";"0.0"
"ZCBRLC221C";"Brother  LC 221 cyan";"0.0";"0.0"
"ZCBRLC221M";"Brother  LC 221 magenta";"0.0";"0.0"
"ZCBRLC221Y";"Brother  LC 221 yellow";"0.0";"0.0"
"ZCBRLC223B";"Brother  LC 223 black";"0.0";"0.0"
"ZCBRLC223C";"Brother  LC 223 cyan";"0.0";"0.0"
"ZCBRLC223M";"Brother  LC 223 magenta";"0.0";"0.0"
"ZCBRLC223Y";"Brother  LC 223 yellow";"0.0";"0.0"
"ZCBRLC225XLC";"Brother  LC 225XL cyan";"0.0";"0.0"
"ZCBRLC225XLM";"Brother  LC 225XL magenta";"0.0";"0.0"
"ZCBRLC225XLY";"Brother  LC 225XL yellow";"0.0";"0.0"
"ZCBRLC227XLB";"Brother  LC 227XL black";"0.0";"0.0"
"ZCBRLC229XLB";"Brother  LC 229XL black";"0.0";"0.0"
"ZCBRLC3211B";"Brother  LC 3211 black";"0.0";"0.0"
"ZCBRLC3211C";"Brother  LC 3211 cyan";"0.0";"0.0"
"ZCBRLC3211M";"Brother  LC 3211 magenta";"0.0";"0.0"
"ZCBRLC3211Y";"Brother  LC 3211 yellow";"0.0";"0.0"
"ZCBRLC3213B";"Brother  LC 3213 black";"0.0";"0.0"
"ZCBRLC3213C";"Brother  LC 3213 cyan";"0.0";"0.0"
"ZCBRLC3213M";"Brother  LC 3213 magenta";"0.0";"0.0"
"ZCBRLC3213Y";"Brother  LC 3213 yellow";"0.0";"0.0"
"ZCBRLC3217B";"Brother  LC 3217 black";"0.0";"0.0"
"ZCBRLC3217C";"Brother  LC 3217 cyan";"0.0";"0.0"
"ZCBRLC3217M";"Brother  LC 3217 magenta";"0.0";"0.0"
"ZCBRLC3217Y";"Brother  LC 3217 yellow";"0.0";"0.0"
"ZCBRLC3219XLB";"Brother  LC 3219XL black";"0.0";"0.0"
"ZCBRLC3219XLC";"Brother  LC 3219XL cyan";"0.0";"0.0"
"ZCBRLC3219XLM";"Brother  LC 3219XL magenta";"0.0";"0.0"
"ZCBRLC3219XLY";"Brother  LC 3219XL yellow";"0.0";"0.0"
"ZCBRLC3229XLB";"Brother  LC 3229XL black";"0.0";"0.0"
"ZCBRLC3229XLC";"Brother  LC 3229XL cyan";"0.0";"0.0"
"ZCBRLC3229XLM";"Brother  LC 3229XL magenta";"0.0";"0.0"
"ZCBRLC3229XLY";"Brother  LC 3229XL yellow";"0.0";"0.0"
"ZCBRLC3233B";"Brother  LC 3233 black";"0.0";"0.0"
"ZCBRLC3233C";"Brother  LC 3233 cyan";"0.0";"0.0"
"ZCBRLC3233M";"Brother  LC 3233 magenta";"0.0";"0.0"
"ZCBRLC3233Y";"Brother  LC 3233 yellow";"0.0";"0.0"
"ZCBRLC3235XLB";"Brother  LC 3235XL black";"0.0";"0.0"
"ZCBRCL3235XLC";"Brother  LC 3235XL cyan";"0.0";"0.0"
"ZCBRLC3235XLM";"Brother  LC 3235XL magenta";"0.0";"0.0"
"ZCBRLC3235XLY";"Brother  LC 3235XL yellow";"0.0";"0.0"
"ZCBRLC3237B";"Brother  LC 3237 black";"0.0";"0.0"
"ZCBRLC3237C";"Brother  LC 3237 cyan";"0.0";"0.0"
"ZCBRLC3237M";"Brother  LC 3237 magenta";"0.0";"0.0"
"ZCBRLC3237Y";"Brother  LC 3237 yellow";"0.0";"0.0"
"ZCBRLC3239B";"Brother  LC 3239 black";"0.0";"0.0"
"ZCBRLC3239C";"Brother  LC 3239 cyan";"0.0";"0.0"
"ZCBRLC3229M";"Brother  LC 3239 magenta";"0.0";"0.0"
"ZCBRLC3229Y";"Brother  LC 3239 yellow";"0.0";"0.0"
"ZCBRLC3617B";"Brother  LC 3617 black";"0.0";"0.0"
"ZCBRLC3617C";"Brother  LC 3617 cyan";"0.0";"0.0"
"ZCBRLC3617M";"Brother  LC 3617 magenta";"0.0";"0.0"
"ZCBRLC3617Y";"Brother  LC 3617 yellow";"0.0";"0.0"
"ZCBRLC3619B";"Brother  LC 3619 black";"0.0";"0.0"
"ZCBRLC3619C";"Brother  LC 3619 cyan";"0.0";"0.0"
"ZCBRLC3619M";"Brother  LC 3619 magenta";"0.0";"0.0"
"ZCBRLC3619Y";"Brother  LC 3619 yellow";"0.0";"0.0"
"ZBRLC462B";"Brother  LC 462 black";"0.0";"0.0"
"ZBRLC462C";"Brother  LC 462 cyan";"0.0";"0.0"
"ZBRLC462M";"Brother  LC 462 magenta";"0.0";"0.0"
"ZBRLC462Y";"Brother  LC 462 yellow";"0.0";"0.0"
"ZBRLC462XLB";"Brother  LC 462XL black";"0.0";"0.0"
"ZBRLC462XLC";"Brother  LC 462XL cyan";"0.0";"0.0"
"ZBRLC462XLM";"Brother  LC 462XL magenta";"0.0";"0.0"
"ZBRLC472XLY";"Brother  LC 462XL yellow";"0.0";"0.0"
"ZCBRLC525XLC";"Brother  LC 525XL cyan";"0.0";"0.0"
"ZCBRLC525XLM";"Brother  LC 525XL magenta";"0.0";"0.0"
"ZCBRLC525XLY";"Brother  LC 525XL yellow";"0.0";"0.0"
"ZCBRLC529XLC";"Brother  LC 529XL black";"0.0";"0.0"
"ZBRLC900B";"Brother  LC 900 black";"0.0";"0.0"
"ZBRLC900C";"Brother  LC 900 cyan";"0.0";"0.0"
"ZBRLC900M";"Brother  LC 900 magenta";"0.0";"0.0"
"ZBRLC900Y";"Brother  LC 900 yellow";"0.0";"0.0"
"ZBRLC970B";"Brother  LC 970 black";"0.0";"0.0"
"ZBRLC970C";"Brother  LC 970 cyan";"0.0";"0.0"
"ZBRLC970M";"Brother  LC 970 magenta";"0.0";"0.0"
"ZBRLC970Y";"Brother  LC 970 yellow";"0.0";"0.0"
"ZCBRLC980B";"Brother  LC 980 black";"0.0";"0.0"
"ZCBRLC980C";"Brother  LC 980 cyan";"0.0";"0.0"
"ZCBRLC980M";"Brother  LC 980 magenta";"0.0";"0.0"
"ZCBRLC980Y";"Brother  LC 980 yellow";"0.0";"0.0"
"ZCBRLC985B";"Brother  LC 985 black";"0.0";"0.0"
"ZCBRLC985C";"Brother  LC 985 cyan";"0.0";"0.0"
"ZCBRLC985M";"Brother  LC 985 magenta";"0.0";"0.0"
"ZCBRLC985Y";"Brother  LC 985 yellow";"0.0";"0.0"
"ZGCABC01B";"Canon BC-01";"ZB";"0.0"
"ZGCABC02B";"Canon BC-02";"ZB";"0.0"
"ZGCABC02BI";"Canon BC-02 NV";"ZB";"0.0"
"bc05";"Canon BC-05";"ZB";"0.0"
"ZGCABC20";"Canon BC-20";"ZB";"0.0"
"ZCABC23";"Canon BC-23";"ZB";"0.0"
"ZCABCI10";"Canon BCI-10 black";"ZB";"0.0"
"ZCABCI11B";"Canon BCI-11 black";"ZB";"0.0"
"ZCABCI11C";"Canon BCI-11 color";"ZB";"0.0"
"ZCABCI16C";"Canon BCI-16 color";"ZB";"0.0"
"ZCABCI21B";"Canon BCI-21 black";"ZB";"0.0"
"ZCABCI21C";"Canon BCI-21 color";"ZB";"0.0"
"ZCABCI22E";"Canon BCI-22e";"ZB";"0.0"
"ZCABCI24";"Canon BCI-24";"ZB";"0.0"
"ZCABCI3EB";"Canon BCI-3E black";"ZB";"0.0"
"ZCABCI3EC";"Canon BCI-3E cyan";"ZB";"0.0"
"ZCABCI3EM";"Canon BCI-3E magenta";"ZB";"0.0"
"ZCABCI3EPB";"Canon BCI-3E photo black";"ZB";"0.0"
"ZCABCI3EPC";"Canon BCI-3E photo cyan";"ZB";"0.0"
"ZCABCI3EY";"Canon BCI-3E yellow";"ZB";"0.0"
"ZCABCI3PB";"Canon BCI-3P black";"ZB";"0.0"
"ZCABCI3PC";"Canon BCI-3P cyan";"ZB";"0.0"
"ZCABCI3PM";"Canon BCI-3P magenta";"ZB";"0.0"
"ZCABCI3PY";"Canon BCI-3P yellow";"ZB";"0.0"
"ZCABCI6B";"Canon BCI-6 black";"ZB";"0.0"
"ZCABCI6C";"Canon BCI-6 cyan";"ZB";"0.0"
"ZCABCI6M";"Canon BCI-6 magenta";"ZB";"0.0"
"ZCABCI6PC";"Canon BCI-6 photo cyan";"ZB";"0.0"
"ZCABCI6PM";"Canon BCI-6 photo magenta";"ZB";"0.0"
"ZCABCI6Y";"Canon BCI-6 yellow";"ZB";"0.0"
"ZGCABX2";"Canon BX-2";"ZB";"0.0"
"ZGCABX20";"Canon BX-20";"ZB";"0.0"
"ZGCABX3";"Canon BX-3";"0.0";"0.0"
"ZGCABX3I";"Canon BX-3 NV";"0.0";"0.0"
"cl211";"Canon CL-211";"0.0";"0.0"
"ZCACL246";"Canon CL-246";"0.0";"0.0"
"ZCACL246XL";"Canon CL-246XL";"0.0";"0.0"
"ZCACLI36C";"Canon CL-36 color";"ZB";"0.0"
"ZGCACL38C";"Canon CL-38";"6.0";"6.0"
"ZGCACL38CI";"Canon CL-38  NV";"2.0";"2.0"
"ZGCACL41C";"Canon CL-41";"6.0";"6.0"
"ZGCACL41CI";"Canon CL-41  NV";"2.0";"2.0"
"ZCA446C";"Canon CL-446 col";"0.0";"0.0"
"ZGCACL51C";"Canon CL-51";"6.0";"6.0"
"ZGCACL51CI";"Canon CL-51  NV";"2.0";"2.0"
"ZGCACL511C";"Canon CL-511";"12.0";"12.0"
"ZGCACL511CI";"Canon CL-511  NV";"2.0";"2.0"
"ZGCAPG513B";"Canon CL-513";"12.0";"12.0"
"ZGCACL513CI";"Canon CL-513  NV";"2.0";"2.0"
"ZGCACL541C";"Canon CL-541";"25.0";"25.0"
"ZGCACL541CI";"Canon CL-541  NV";"2.0";"2.0"
"ZGCACL541XLC";"Canon CL-541 XL";"25.0";"25.0"
"ZCCACL540CXLI";"Canon CL-541 XL NV";"2.0";"2.0"
"ZGCACL546C";"Canon CL-546";"23.0";"23.0"
"ZGCACL546CI";"Canon CL-546 NV";"2.0";"2.0"
"ZGCACL546CXL";"Canon CL-546XL";"23.0";"23.0"
"ZGCACL546CXLI";"Canon CL-546XL NV";"2.0";"2.0"
"ZCCACL561";"Canon CL-561 col";"25.0";"25.0"
"ZCCACL561I";"Canon CL-561 col  NV";"2.0";"2.0"
"ZCCACL561XL";"Canon CL-561XL col";"25.0";"25.0"
"ZCCACL561XLI";"Canon CL-561XL col  NV";"2.0";"2.0"
"ZCACL576";"Canon CL-576";"15.0";"15.0"
"ZCACL576XL";"Canon CL-576XL";"15.0";"15.0"
"ZCACL586";"Canon CL-586";"15.0";"15.0"
"ZCACL586XL";"Canon CL-586XL";"15.0";"15.0"
"ZCACL746";"Canon CL-746 col";"0.0";"0.0"
"ZCACL746XL";"Canon CL-746XL col";"0.0";"0.0"
"ZCACLI42B";"Canon CLI-42 black";"ZB";"0.0"
"ZCACLI42C";"Canon CLI-42 cyan";"ZB";"0.0"
"ZCACLI42G";"Canon CLI-42 grey";"ZB";"0.0"
"ZCACLI42LG";"Canon CLI-42 light grey";"ZB";"0.0"
"ZCACLI42M";"Canon CLI-42 magenta";"ZB";"0.0"
"ZCACLI42PC";"Canon CLI-42 photo cyan";"ZB";"0.0"
"ZCACLI42PM";"Canon CLI-42 photo magenta";"ZB";"0.0"
"ZCACLI42Y";"Canon CLI-42 yellow";"ZB";"0.0"
"cli521";"Canon CLI-521";"ZB";"0.0"
"cli526";"Canon CLI-526";"ZB";"0.0"
"ZCCACLI%%!CMY";"Canon CLI-551 cmy   START";"ZB";"0.0"
"ZGCACLI550C";"Canon CLI-551 cyan";"0.0";"0.0"
"ZGCACLI551M";"Canon CLI-551 magenta";"0.0";"0.0"
"ZGCACLI551Y";"Canon CLI-551 yellow";"0.0";"0.0"
"ZCACLI551B";"Canon CLI-551BK black";"0.0";"0.0"
"ZCACLI551GY";"Canon CLI-551GY grey";"0.0";"0.0"
"ZCACLI551XLBK";"Canon CLI-551XL BK black";"0.0";"0.0"
"ZGCACLI551XLC";"Canon CLI-551XL C cyan";"0.0";"0.0"
"ZCACLI551XLGY";"Canon CLI-551XL GY grey";"0.0";"0.0"
"ZGCACLI551XLM";"Canon CLI-551XL M magenta";"0.0";"0.0"
"ZGCACLI551XLY";"Canon CLI-551XL yellow";"0.0";"0.0"
"ZGCACLI571S";"Canon CLI-571  START mix";"0.0";"0.0"
"ZCACLI571B";"Canon CLI-571 black";"0.0";"0.0"
"ZGCACLI571C";"Canon CLI-571 cyan";"0.0";"0.0"
"ZCAPGI571G";"Canon CLI-571 grey";"0.0";"0.0"
"ZGCACLI571M";"Canon CLI-571 magenta";"0.0";"0.0"
"ZGCACLI571Y";"Canon CLI-571 yellow";"0.0";"0.0"
"ZCACLI571XLB";"Canon CLI-571XL black";"0.0";"0.0"
"ZGCACLI571XLC";"Canon CLI-571XL cyan";"0.0";"0.0"
"ZCCACLI571XLG";"Canon CLI-571XL grey";"0.0";"0.0"
"ZGCACLI571XLM";"Canon CLI-571XL magenta";"0.0";"0.0"
"ZGCACLI571XLY";"Canon CLI-571XL yellow";"0.0";"0.0"
"ZGCACLI581C";"Canon CLI-581 cyan";"0.0";"0.0"
"ZGCACLI581M";"Canon CLI-581 magenta";"0.0";"0.0"
"ZGCACLI581Y";"Canon CLI-581 yellow";"0.0";"0.0"
"ZCACLI581XLB";"Canon CLI-581XL black";"0.0";"0.0"
"ZGCACLI581XLC";"Canon CLI-581XL cyan";"0.0";"0.0"
"ZGCACLI581XLM";"Canon CLI-581XL magenta";"0.0";"0.0"
"ZGCACLI581XLY";"Canon CLI-581XL yellow";"0.0";"0.0"
"ZCACLI581XXLBL";"Canon CLI-581XXL black";"0.0";"0.0"
"ZCACLI581XXLC";"Canon CLI-581XXL cyan";"0.0";"0.0"
"ZCACLI581XXLM";"Canon CLI-581XXL magenta";"0.0";"0.0"
"ZCACLI581XXLPB";"Canon CLI-581XXL photo black";"0.0";"0.0"
"ZCACLI581XXLY";"Canon CLI-581XXL yellow";"0.0";"0.0"
"cli8";"Canon CLI-8";"ZB";"0.0"
"ZCCAPFI1000B";"Canon PFI-1000 B blue";"0.0";"0.0"
"ZCCAPFI1000C";"Canon PFI-1000 C cyan";"0.0";"0.0"
"ZCCAPFI1000CO";"Canon PFI-1000 CO chroma opimizer";"0.0";"0.0"
"ZCCAPFI1000GY";"Canon PFI-1000 GY grey";"0.0";"0.0"
"ZCCAPFI1000M";"Canon PFI-1000 M magenta";"0.0";"0.0"
"ZCCAPFI1000MBK";"Canon PFI-1000 MBK matte black";"0.0";"0.0"
"ZCCAPFI1000PBK";"Canon PFI-1000 PBK photo black";"0.0";"0.0"
"ZCCAPFI1000PC";"Canon PFI-1000 PC photo cyan";"0.0";"0.0"
"ZCCAPFI1000PGY";"Canon PFI-1000 PGY photo grey";"0.0";"0.0"
"ZCCAPFI1000PM";"Canon PFI-1000 PM photo magenta";"0.0";"0.0"
"ZCCAPFI1000R";"Canon PFI-1000 R red";"0.0";"0.0"
"ZCCAPFI1000Y";"Canon PFI-1000 Y yellow";"0.0";"0.0"
"ZCAPFI101BK";"Canon PFI-101BK black";"0.0";"0.0"
"ZCAPFI101C";"Canon PFI-101C cyan";"0.0";"0.0"
"ZCAPFI101G";"Canon PFI-101G green";"0.0";"0.0"
"ZCAPFI101M";"Canon PFI-101M magenta";"0.0";"0.0"
"ZCAPFI101PC";"Canon PFI-101PC photo cyan";"0.0";"0.0"
"ZCAPFI101PM";"Canon PFI-101PM photo magenta";"0.0";"0.0"
"ZCAPFI101R";"Canon PFI-101R red";"0.0";"0.0"
"ZCAPFI102S";"Canon PFI-102   SETUP";"0.0";"0.0"
"ZCCAPFI102PB";"Canon PFI-102BK black";"0.0";"0.0"
"ZGCAPFI102C";"Canon PFI-102C cyan";"0.0";"0.0"
"ZGCAPFI102M";"Canon PFI-102M magenta";"0.0";"0.0"
"ZGCAPFI102B";"Canon PFI-102MBK matte black";"0.0";"0.0"
"ZGCAPFI102Y";"Canon PFI-102Y yellow";"0.0";"0.0"
"ZCCAPFI103BK";"Canon PFI-103BK black";"0.0";"0.0"
"ZCCAPFI103GY";"Canon PFI-103GY grey";"0.0";"0.0"
"ZCCAPFI103MBK";"Canon PFI-103MBK matte black";"0.0";"0.0"
"ZCCAPFI103PGY";"Canon PFI-103PGY photo grey";"0.0";"0.0"
"ZCCAPFI104B";"Canon PFI-104BK black";"0.0";"0.0"
"ZCCAPFI104C";"Canon PFI-104C cyan";"0.0";"0.0"
"ZCCAPFI104M";"Canon PFI-104M magenta";"0.0";"0.0"
"ZCCAPFI104MBK";"Canon PFI-104MBK matte black";"0.0";"0.0"
"ZCCAPFI104Y";"Canon PFI-104Y yellow";"0.0";"0.0"
"ZCCAPFI106B";"Canon PFI-106B blue";"0.0";"0.0"
"ZCCAPFI106BK";"Canon PFI-106BK black";"0.0";"0.0"
"ZCCAPFI106C";"Canon PFI-106C cyan";"0.0";"0.0"
"ZCCAPFI106G";"Canon PFI-106G green";"0.0";"0.0"
"ZCCAPFI106GY";"Canon PFI-106GY grey";"0.0";"0.0"
"ZCCAPFI106M";"Canon PFI-106M magenta";"0.0";"0.0"
"ZCCAPFI106MB";"Canon PFI-106MBK matte black";"0.0";"0.0"
"ZCCAPFI106PC";"Canon PFI-106PC photo cyan";"0.0";"0.0"
"ZCCAPFI106PGY";"Canon PFI-106PGY photo grey";"0.0";"0.0"
"ZCCAPFI106PM";"Canon PFI-106PM photo magenta";"0.0";"0.0"
"ZCCAPFI106R";"Canon PFI-106R red";"0.0";"0.0"
"ZCCAPFI106Y";"Canon PFI-106Y yellow";"0.0";"0.0"
"ZCCAPFI107S";"Canon PFI-107   SETUP";"0.0";"0.0"
"ZCCAPFI107B";"Canon PFI-107BK black";"0.0";"0.0"
"ZGCAPFI107C";"Canon PFI-107C cyan";"0.0";"0.0"
"ZGCAPFI107M";"Canon PFI-107M magenta";"0.0";"0.0"
"ZGCAPFI107B";"Canon PFI-107MBK matte black";"0.0";"0.0"
"ZGCAPFI107Y";"Canon PFI-107Y yellow";"0.0";"0.0"
"ZCCAPFI120B";"Canon PFI-120BK black";"0.0";"0.0"
"ZCCAPFI120C";"Canon PFI-120C cyan";"0.0";"0.0"
"ZCCAPFI120M";"Canon PFI-120M magenta";"0.0";"0.0"
"ZCCAPFI120MB";"Canon PFI-120MBK matte black";"0.0";"0.0"
"ZCCAPFI120Y";"Canon PFI-120Y yellow";"0.0";"0.0"
"ZCAPFI1300C";"Canon PFI-1300C cyan";"0.0";"0.0"
"ZCAPFI1300G";"Canon PFI-1300G grey";"0.0";"0.0"
"ZCAPFI1300M";"Canon PFI-1300M magenta";"0.0";"0.0"
"ZCAPFI1300MBK";"Canon PFI-1300MBK matte black";"0.0";"0.0"
"ZCCAPFI206B";"Canon PFI-206B blue";"0.0";"0.0"
"ZCCAPFI206BK";"Canon PFI-206BK black";"0.0";"0.0"
"ZCCAPFI206C";"Canon PFI-206C cyan";"0.0";"0.0"
"ZCCAPFI206G";"Canon PFI-206G green";"0.0";"0.0"
"ZCCAPFI206GY";"Canon PFI-206GY grey";"0.0";"0.0"
"ZACAPFI206M";"Canon PFI-206M magenta";"0.0";"0.0"
"ZCCAPFI206MBK";"Canon PFI-206MBK matte black";"0.0";"0.0"
"ZCCAPFI206PC";"Canon PFI-206PC photo cyan";"0.0";"0.0"
"ZCCAPFI206PGY";"Canon PFI-206PGY photo grey";"0.0";"0.0"
"ZCCAPFI206PM";"Canon PFI-206PM photo magenta";"0.0";"0.0"
"ZCCAPFI206R";"Canon PFI-206R red";"0.0";"0.0"
"ZCCAPFI206Y";"Canon PFI-206Y yellow";"0.0";"0.0"
"ZCCAPFI207BK";"Canon PFI-207BK black";"0.0";"0.0"
"ZCCAPFI207C";"Canon PFI-207C cyan";"0.0";"0.0"
"ZCCAPFI207M";"Canon PFI-207M magenta";"0.0";"0.0"
"ZCAPFI207MBK";"Canon PFI-207MBK matte black";"0.0";"0.0"
"ZCCAPFI207Y";"Canon PFI-207Y yellow";"0.0";"0.0"
"ZCAPFI303MBK";"Canon PFI-303MBK matte black";"0.0";"0.0"
"ZCCAPFI306BL";"Canon PFI-306B blue";"0.0";"0.0"
"ZCCAPFI306B";"Canon PFI-306BK black";"0.0";"0.0"
"ZCCAPFI306C";"Canon PFI-306C cyan";"0.0";"0.0"
"ZCCAPFI306G";"Canon PFI-306G green";"0.0";"0.0"
"ZCCAPFI306GY";"Canon PFI-306GY grey";"0.0";"0.0"
"ZCCAPFI306M";"Canon PFI-306M magenta";"0.0";"0.0"
"ZCCAPFI306MBK";"Canon PFI-306MBK matte black";"0.0";"0.0"
"ZCCAPFI306PC";"Canon PFI-306PC photo cyan";"0.0";"0.0"
"ZCCAPFI306PGY";"Canon PFI-306PGY photo grey";"0.0";"0.0"
"ZCCAPFI306PM";"Canon PFI-306PM photo magenta";"0.0";"0.0"
"ZCCAPFI306R";"Canon PFI-306R red";"0.0";"0.0"
"ZCCAPFI306Y";"Canon PFI-306Y yellow";"0.0";"0.0"
"ZCAPFI307BK";"Canon PFI-307BK black";"0.0";"0.0"
"ZCAPFI307C";"Canon PFI-307C cyan";"0.0";"0.0"
"ZCAPFI307M";"Canon PFI-307M magenta";"0.0";"0.0"
"ZCAPFI307MBK";"Canon PFI-307MBK matte black";"0.0";"0.0"
"ZCAPFI307Y";"Canon PFI-307Y yellow";"0.0";"0.0"
"ZCAPFI310BK";"Canon PFI-310BK black";"0.0";"0.0"
"ZCAPFI310C";"Canon PFI-310C cyan";"0.0";"0.0"
"ZCAPFI310M";"Canon PFI-310M magenta";"0.0";"0.0"
"ZCAPFI310MBK";"Canon PFI-310MBK matte black";"0.0";"0.0"
"ZCAPFI310Y";"Canon PFI-310Y yellow";"0.0";"0.0"
"ZCCAPFI320BK";"Canon PFI-320BK black";"0.0";"0.0"
"ZCCAPFI320C";"Canon PFI-320C cyan";"0.0";"0.0"
"ZCCAPFI320M";"Canon PFI-320M magenta";"0.0";"0.0"
"ZCCAPFI320MBK";"Canon PFI-320MBK matte black";"0.0";"0.0"
"ZCCAPFI320Y";"Canon PFI-320Y yellow";"0.0";"0.0"
"ZCCAPFI701B";"Canon PFI-701B blue";"0.0";"0.0"
"ZCCAPFI701C";"Canon PFI-701C cyan";"0.0";"0.0"
"ZCCAPFI701G";"Canon PFI-701G green";"0.0";"0.0"
"ZCCAPFI701GY";"Canon PFI-701GY grey";"0.0";"0.0"
"ZCCAPFI701M";"Canon PFI-701M magenta";"0.0";"0.0"
"ZCCAPFI701MBK";"Canon PFI-701MBK matte black";"0.0";"0.0"
"ZCCAPFI701PC";"Canon PFI-701PC photo cyan";"0.0";"0.0"
"ZCCAPFI701PM";"Canon PFI-701PM photo magenta";"0.0";"0.0"
"ZCCAPFI701R";"Canon PFI-701R red";"0.0";"0.0"
"ZCCAPFI701Y";"Canon PFI-701Y yellow";"0.0";"0.0"
"ZCCAPFI702BK";"Canon PFI-702BK black";"0.0";"0.0"
"ZCCAPFI702GY";"Canon PFI-702GY grey";"0.0";"0.0"
"ZCCAPFI703BK";"Canon PFI-703BK black";"0.0";"0.0"
"ZCCAPFI703C";"Canon PFI-703C cyan";"0.0";"0.0"
"ZCCAPFI703M";"Canon PFI-703M magenta";"0.0";"0.0"
"ZCCAPFI703MBK";"Canon PFI-703MBK matte black";"0.0";"0.0"
"ZCCAPFI703Y";"Canon PFI-703Y yellow";"0.0";"0.0"
"ZCCAPFI706B";"Canon PFI-706B blue";"0.0";"0.0"
"ZCCAPFI706BK";"Canon PFI-706BK black";"0.0";"0.0"
"ZCCAPFI706C";"Canon PFI-706C cyan";"0.0";"0.0"
"ZCCAPFI706G";"Canon PFI-706G green";"0.0";"0.0"
"ZCCAPFI706GY";"Canon PFI-706GY grey";"0.0";"0.0"
"ZCCAPFI706M";"Canon PFI-706M magenta";"0.0";"0.0"
"ZCCAPFI706MBK";"Canon PFI-706MBK matte black";"0.0";"0.0"
"ZCCAPFI706PC";"Canon PFI-706PC photo cyan";"0.0";"0.0"
"ZCCAPFI706PGY";"Canon PFI-706PGY photo grey";"0.0";"0.0"
"ZCCAPFI706PM";"Canon PFI-706PM photo magenta";"0.0";"0.0"
"ZCCAPFI706R";"Canon PFI-706R red";"0.0";"0.0"
"ZCCAPFI706Y";"Canon PFI-706Y yellow";"0.0";"0.0"
"ZCCAPFI707B";"Canon PFI-707BK black";"0.0";"0.0"
"ZCCAPFI707C";"Canon PFI-707C cyan";"0.0";"0.0"
"ZCCAPFI707M";"Canon PFI-707M magenta";"0.0";"0.0"
"ZCCAPFI707MBK";"Canon PFI-707MBK matte black";"0.0";"0.0"
"ZCCAPFI707Y";"Canon PFI-707Y yellow";"0.0";"0.0"
"ZCA710MB";"Canon PFI-710MBK matte black";"0.0";"0.0"
"ZCAPG145";"Canon PG-145";"0.0";"0.0"
"ZCAPG146";"Canon PG-146";"0.0";"0.0"
"pg210";"Canon PG-210";"0.0";"0.0"
"ZCAPG245";"Canon PG-245";"0.0";"0.0"
"ZCAPG245XL";"Canon PG-245XL";"0.0";"0.0"
"ZGCAPG37B";"Canon PG-37";"5.0";"5.0"
"ZGCAPG37BI";"Canon PG-37  NV";"2.0";"2.0"
"ZGCAPG40B";"Canon PG-40";"5.0";"5.0"
"ZGCAPG40BI";"Canon PG-40  NV";"2.0";"2.0"
"ZCA445B";"Canon PG-445 bl";"0.0";"0.0"
"ZGCAPG50B";"Canon PG-50";"5.0";"5.0"
"ZGCAPG50BI";"Canon PG-50  NV";"2.0";"2.0"
"ZGCAPG510B";"Canon PG-510";"12.0";"12.0"
"ZGCAPG510BI";"Canon PG-510  NV";"2.0";"2.0"
"ZGCAPG512B";"Canon PG-512";"12.0";"12.0"
"ZGCAPG512BI";"Canon PG-512  NV";"2.0";"2.0"
"ZGCACL52C";"Canon PG-52";"0.0";"0.0"
"pg52nv";"Canon PG-52  NV";"0.0";"0.0"
"ZGCAPG540B";"Canon PG-540";"25.0";"25.0"
"ZGCAPG540BI";"Canon PG-540  NV";"2.0";"2.0"
"ZGCAPG540XLB";"Canon PG-540 XL";"25.0";"25.0"
"ZCCAPG540BXLI";"Canon PG-540 XL NV";"2.0";"2.0"
"ZGCAPG545B";"Canon PG-545";"22.0";"22.0"
"ZGCAPG545BI";"Canon PG-545  NV";"2.0";"2.0"
"ZGCAP545BXL";"Canon PG-545XL";"22.0";"22.0"
"ZGCAP545BXLI";"Canon PG-545XL NV";"2.0";"2.0"
"ZCCAPG560";"Canon PG-560 black";"25.0";"25.0"
"ZCCAPG560I";"Canon PG-560 black  NV";"2.0";"2.0"
"ZCCAPG560XL";"Canon PG-560XL black";"25.0";"25.0"
"ZCCAPG560XLI";"Canon PG-560XL black  NV";"2.0";"2.0"
"ZCAPG575";"Canon PG-575";"15.0";"15.0"
"ZCAPG576XL";"Canon PG-575XL";"15.0";"15.0"
"ZCAPG585";"Canon PG-585";"15.0";"15.0"
"ZCAPG585XL";"Canon PG-585XL";"15.0";"15.0"
"ZCAPG745";"Canon PG-745 bl";"0.0";"0.0"
"ZCAPG745XL";"Canon PG-745XL bl";"0.0";"0.0"
"ZCAPGI1500S";"Canon PGI-1500   SETUP";"0.0";"0.0"
"ZCAPGI1500B";"Canon PGI-1500 black";"0.0";"0.0"
"ZCAPGI1500C";"Canon PGI-1500 cyan";"0.0";"0.0"
"ZCAPGI1500M";"Canon PGI-1500 magenta";"0.0";"0.0"
"ZCAPGI1500Y";"Canon PGI-1500 yellow";"0.0";"0.0"
"ZGCAPGI1500XLB";"Canon PGI-1500XL black";"0.0";"0.0"
"ZGCAPGO1500XLC";"Canon PGI-1500XL cyan";"0.0";"0.0"
"ZGCAPGI1500XLM";"Canon PGI-1500XL magenta";"0.0";"0.0"
"ZGCAPGI1500XLY";"Canon PGI-1500XL yellow";"0.0";"0.0"
"pus000053";"Canon PGI-2500  cmyk START";"0.0";"0.0"
"ZCAPGI2500B";"Canon PGI-2500 black";"0.0";"0.0"
"ZCAPGI2500C";"Canon PGI-2500 cyan";"0.0";"0.0"
"ZCAPGI2500M";"Canon PGI-2500 magenta";"0.0";"0.0"
"ZCAPGI2500Y";"Canon PGI-2500 yellow";"0.0";"0.0"
"ZCCAPGI2500XLB";"Canon PGI-2500XL black";"0.0";"0.0"
"ZCCAPGI2500XLC";"Canon PGI-2500XL cyan";"0.0";"0.0"
"ZCCAPGI2500XLM";"Canon PGI-2500XL magenta";"0.0";"0.0"
"ZCCAPGI2500XLY";"Canon PGI-2500XL yellow";"0.0";"0.0"
"ZCAPGI29C";"Canon PGI-29 cyan";"ZB";"0.0"
"ZCAPGI29DG";"Canon PGI-29 dark grey";"ZB";"0.0"
"ZCAPGI29G";"Canon PGI-29 grey";"ZB";"0.0"
"ZCAPGI29LG";"Canon PGI-29 light grey";"ZB";"0.0"
"ZCAPGI29M";"Canon PGI-29 magenta";"ZB";"0.0"
"ZCAPGI29mb";"Canon PGI-29 matte black";"ZB";"0.0"
"ZCAPGI29PB";"Canon PGI-29 photo black";"ZB";"0.0"
"ZCAPGI29PC";"Canon PGI-29 photo cyan";"ZB";"0.0"
"ZCAPGI29PM";"Canon PGI-29 photo magenta";"ZB";"0.0"
"ZCAPGI29CO";"Canon PGI-29 red";"ZB";"0.0"
"ZCAPGI29Y";"Canon PGI-29 yellow";"ZB";"0.0"
"ZCAPGI35B";"Canon PGI-35 black";"ZB";"0.0"
"pgi5";"Canon PGI-5";"ZB";"0.0"
"pgi520";"Canon PGI-520";"ZB";"0.0"
"pgi525";"Canon PGI-525";"ZB";"0.0"
"ZGCAPGI550B";"Canon PGI-550 bl";"0.0";"0.0"
"ZCCAPGI550S";"Canon PGI-550 bl     START";"0.0";"0.0"
"ZGCAPGI550XLB";"Canon PGI-550XL bl";"0.0";"0.0"
"ZCAPGI555B";"Canon PGI-555XL black";"0.0";"0.0"
"ZGCAPGI570S";"Canon PGI-570  start";"0.0";"0.0"
"ZGCAPGI570B";"Canon PGI-570 bl";"0.0";"0.0"
"ZGCAPGI570XLB";"Canon PGI-570XL bl";"0.0";"0.0"
"ZGCA580581S";"Canon PGI-580 / CLI-581    SETUP";"0.0";"0.0"
"ZGCAPGI580B";"Canon PGI-580 bl";"0.0";"0.0"
"ZGCAPGI580XLB";"Canon PGI-580XL bl";"0.0";"0.0"
"ZCAPGI580XXL";"Canon PGI-580XXL bl";"0.0";"0.0"
"ZCAPGI7B";"Canon PGI-7 black";"ZB";"0.0"
"ZCAPGI72S";"Canon PGI-72   SETUP";"ZB";"0.0"
"ZCAPGI72CO";"Canon PGI-72 chroma optimizer";"ZB";"0.0"
"ZCAPGI72C";"Canon PGI-72 cyan";"ZB";"0.0"
"ZCAPGI72G";"Canon PGI-72 grey";"ZB";"0.0"
"ZCAPGI72M";"Canon PGI-72 magenta";"ZB";"0.0"
"ZCAPGI72MB";"Canon PGI-72 matte black";"ZB";"0.0"
"ZCAPGI72PB";"Canon PGI-72 photo black";"ZB";"0.0"
"ZCAPGI72PC";"Canon PGI-72 photo cyan";"ZB";"0.0"
"ZCAPGI72PM";"Canon PGI-72 photo magenta";"ZB";"0.0"
"ZCAPGI72R";"Canon PGI-72 red";"ZB";"0.0"
"ZCAPGI72Y";"Canon PGI-72 yellow";"ZB";"0.0"
"ZCAPGI9C";"Canon PGI-9 cyan";"ZB";"0.0"
"ZCAPGI9G";"Canon PGI-9 grey";"ZB";"0.0"
"ZCAPGI9M";"Canon PGI-9 magenta";"ZB";"0.0"
"ZCAPGI9MB";"Canon PGI-9 matte black";"ZB";"0.0"
"ZCAPGI9PB";"Canon PGI-9 photo black";"ZB";"0.0"
"ZCAPGI9PC";"Canon PGI-9 photo cyan";"ZB";"0.0"
"ZCAPGI9Y";"Canon PGI-9 yellow";"ZB";"0.0"
"ZGDT0529/A920";"Dell  T0529 B";"0.0";"0.0"
"ZCEP157XLC";"Epson  157XL cyan T1572";"0.0";"0.0"
"ZCEP157XLLB";"Epson  157XL light black T1577";"0.0";"0.0"
"ZCEP157XLLC";"Epson  157XL light cyan T1575";"0.0";"0.0"
"ZCEP157XLLLB";"Epson  157XL light light black T1579";"0.0";"0.0"
"ZCEP157XLLM";"Epson  157XL light magenta T1576";"0.0";"0.0"
"ZCEP157XLM";"Epson  157XL magenta T1573";"0.0";"0.0"
"ZCEP157XLMB";"Epson  157XL matte black T1578";"0.0";"0.0"
"ZCEP157XLPB";"Epson  157XL photo black T1571";"0.0";"0.0"
"ZCEP157XLY";"Epson  157XL yellow T1574";"0.0";"0.0"
"ZGEP16S";"Epson  16  SETUP";"0.0";"0.0"
"ZGEP16B";"Epson  16 black  T1621";"0.0";"0.0"
"ZGEP16C";"Epson  16 cyan  T1622";"0.0";"0.0"
"ZGEP16M";"Epson  16 magenta  T1623";"0.0";"0.0"
"ZGEP16Y";"Epson  16 yellow  T1624";"0.0";"0.0"
"ZGEP16XLB";"Epson  16XL black  T1631";"0.0";"0.0"
"ZGEP16XLC";"Epson  16XL cyan  T1632";"0.0";"0.0"
"ZGEP16XLM";"Epson  16XL magenta  T1633";"0.0";"0.0"
"ZGEP16XLY";"Epson  16XL yellow  T1634";"0.0";"0.0"
"ZGEP18S";"Epson  18  SETUP";"0.0";"0.0"
"ZGEP18B";"Epson  18 black";"0.0";"0.0"
"ZGEP18C";"Epson  18 cyan";"0.0";"0.0"
"ZGEP18M";"Epson  18 magenta";"0.0";"0.0"
"ZGEP18Y";"Epson  18 yellow";"0.0";"0.0"
"ZGEP18XLB";"Epson  18XL black";"0.0";"0.0"
"ZGEP18XLC";"Epson  18XL cyan";"0.0";"0.0"
"ZGEP18XLM";"Epson  18XL magenta";"0.0";"0.0"
"ZGEP18XLY";"Epson  18XL yellow";"0.0";"0.0"
"ZCEP202XLB";"Epson  202XL black";"0.0";"0.0"
"ZCEP202XLC";"Epson  202XL cyan";"0.0";"0.0"
"ZCCA202XLM";"Epson  202XL magenta";"0.0";"0.0"
"ZCEP202XLPB";"Epson  202XL photo black";"0.0";"0.0"
"ZCCA202XLY";"Epson  202XL yellow";"0.0";"0.0"
"ZGEP24S";"Epson  24  SETUP";"0.0";"0.0"
"ZGEP24B";"Epson  24 black  T2421";"0.0";"0.0"
"ZGEP24C";"Epson  24 cyan  T2422";"0.0";"0.0"
"ZGEP24LC";"Epson  24 light cyan  T2425";"0.0";"0.0"
"ZGEP24LM";"Epson  24 light magenta  T2426";"0.0";"0.0"
"ZGEP24M";"Epson  24 magenta  T2423";"0.0";"0.0"
"ZGEP24Y";"Epson  24 yellow  T2424";"0.0";"0.0"
"ZGEP24XLB";"Epson  24XL black  T2431 XL";"0.0";"0.0"
"ZGEP24XLC";"Epson  24XL cyan  T2432 XL";"0.0";"0.0"
"ZGEP24XLLC";"Epson  24XL light cyan  T2435 XL";"0.0";"0.0"
"ZGEP24XLLM";"Epson  24XL light magenta  T2436 XL";"0.0";"0.0"
"ZGEP24XLM";"Epson  24XL magenta  T2433 XL";"0.0";"0.0"
"ZGEP24XLY";"Epson  24XL yellow  T2434 XL";"0.0";"0.0"
"ZGEP26XLB";"Epson  26XL black";"0.0";"0.0"
"ZGEP26XLC";"Epson  26XL cyan";"0.0";"0.0"
"ZGEP26XLM";"Epson  26XL magenta";"0.0";"0.0"
"ZGEP26XLY";"Epson  26XL yellow";"0.0";"0.0"
"ZGEP27S";"Epson  27  SETUP";"0.0";"0.0"
"ZGEP27B";"Epson  27 black";"0.0";"0.0"
"ZGEP27C";"Epson  27 cyan";"0.0";"0.0"
"ZGEP27M";"Epson  27 magenta";"0.0";"0.0"
"ZGEP27Y";"Epson  27 yellow";"0.0";"0.0"
"ZGEP27XLB";"Epson  27XL black";"ZB";"0.0"
"ZGEP27XLC";"Epson  27XL cyan";"ZB";"0.0"
"ZGEP27XLM";"Epson  27XL magenta";"ZB";"0.0"
"ZGEP27XLY";"Epson  27XL yellow";"ZB";"0.0"
"ZGEP29S";"Epson  29  SETUP";"0.0";"0.0"
"ZGEP29B";"Epson  29 black";"0.0";"0.0"
"ZGEP29C";"Epson  29 cyan";"0.0";"0.0"
"ZGEP29M";"Epson  29 magenta";"0.0";"0.0"
"ZGEP29Y";"Epson  29 yellow";"0.0";"0.0"
"ZGE29XLB";"Epson  29XL black";"0.0";"0.0"
"ZGEP29XLC";"Epson  29XL cyan";"0.0";"0.0"
"ZGEP29XLM";"Epson  29XL magenta";"0.0";"0.0"
"ZGEP29XLY";"Epson  29XL yellow";"0.0";"0.0"
"ZGEP33S";"Epson  33  SETUP";"0.0";"0.0"
"ZGEP33B";"Epson  33 black";"0.0";"0.0"
"ZGEP33C";"Epson  33 cyan";"0.0";"0.0"
"ZGEP33M";"Epson  33 magenta";"0.0";"0.0"
"ZGEP33BPH";"Epson  33 photo black";"0.0";"0.0"
"ZGEP33Y";"Epson  33 yellow";"0.0";"0.0"
"ZGEP33XLB";"Epson  33XL black";"0.0";"0.0"
"ZGEP33XLC";"Epson  33XL cyan";"0.0";"0.0"
"ZGEP33XLM";"Epson  33XL magenta";"0.0";"0.0"
"ZGEP33XLBPH";"Epson  33XL photo black";"0.0";"0.0"
"ZGEP33XLY";"Epson  33XL yellow";"0.0";"0.0"
"ZCEP34XLB";"Epson  34XL black  T3471";"0.0";"0.0"
"ZCEP34XLC";"Epson  34XL cyan  T3472";"0.0";"0.0"
"ZCEP34XLM";"Epson  34XL magenta  T3473";"0.0";"0.0"
"ZCEP34XLY";"Epson  34XL yellow  T3474";"0.0";"0.0"
"ZCEP35XLB";"Epson  35XL black  T3591";"0.0";"0.0"
"ZCEP35XLC";"Epson  35XL cyan  T3592";"0.0";"0.0"
"ZCEP35XLM";"Epson  35XL magenta  T3593";"0.0";"0.0"
"ZCEP35XLY";"Epson  35XL yellow  T3594";"0.0";"0.0"
"ZCEP378XLB";"Epson  378XL black  T3791";"0.0";"0.0"
"ZCEP378XLC";"Epson  378XL cyan  T3792";"0.0";"0.0"
"ZCEP378XLLC";"Epson  378XL light cyan  T3795";"0.0";"0.0"
"ZCEP378XLLM";"Epson  378XL light magenta  T3796";"0.0";"0.0"
"ZCEP378XLM";"Epson  378XL magenta  T3793";"0.0";"0.0"
"ZCEP378XLY";"Epson  378XL yellow  T3794";"0.0";"0.0"
"ZCEP407B";"Epson  407 black";"0.0";"0.0"
"ZCEP407C";"Epson  407 cyan";"0.0";"0.0"
"ZCEP407M";"Epson  407 magenta";"0.0";"0.0"
"ZCEP407Y";"Epson  407 yellow";"0.0";"0.0"
"ZCEP408B";"Epson  408L T09K1 black XL";"0.0";"0.0"
"ZCEP408C";"Epson  408L T09K2 cyan XL";"0.0";"0.0"
"ZCEP408M";"Epson  408L T09K3 magenta XL";"0.0";"0.0"
"ZCEP408Y";"Epson  408L T09K4 yellow XL";"0.0";"0.0"
"ZCEP603XLB";"Epson  603XL black  T03A1";"0.0";"0.0"
"ZCEP603XLC";"Epson  603XL cyan  T03A2";"0.0";"0.0"
"ZCEP603XLM";"Epson  603XL magenta  T03A3";"0.0";"0.0"
"ZCEP603XLY";"Epson  603XL yellow  T03A4";"0.0";"0.0"
"ZCEPMJIC9BK";"Epson  MJIC9BK black";"0.0";"0.0"
"ZCEPMJIC9C";"Epson  MJIC9C cyan";"0.0";"0.0"
"ZCEPMJIC9M";"Epson  MJIC9M magenta";"0.0";"0.0"
"ZCEPMJIC9Y";"Epson  MJIC9Y yellow";"0.0";"0.0"
"ZCEPPP50c";"Epson  PJIC1 cyan";"ZB";"0.0"
"ZCEPPJIC2";"Epson  PJIC2 light cyan";"ZB";"0.0"
"ZCEPPJIC3";"Epson  PJIC3 light magenta";"ZB";"0.0"
"ZCEPPJIC4";"Epson  PJIC4 magenta";"ZB";"0.0"
"ZCEPPJIC5";"Epson  PJIC5 yellow";"ZB";"0.0"
"ZCEPPJCIC6";"Epson  PJIC6 black";"ZB";"0.0"
"ZCEPT007";"Epson  T007 black";"0.0";"0.0"
"ZCEPT008";"Epson  T008 color";"0.0";"0.0"
"ZCEPT009";"Epson  T009 color";"0.0";"0.0"
"ZCEPT019";"Epson  T019 black";"0.0";"0.0"
"ZCEPT020";"Epson  T020 color";"0.0";"0.0"
"zcept0321";"Epson  T0321 black";"0.0";"0.0"
"ZCEPT0322";"Epson  T0322 cyan";"0.0";"0.0"
"ZCEPT0323";"Epson  T0323 magenta";"0.0";"0.0"
"ZCEPT0324";"Epson  T0324 yellow";"0.0";"0.0"
"ZCEPT0331";"Epson  T0331 black";"0.0";"0.0"
"ZCEPT0332";"Epson  T0332 cyan";"0.0";"0.0"
"ZCEPT0333";"Epson  T0333 magenta";"0.0";"0.0"
"ZCEPT0334";"Epson  T0334 yellow";"0.0";"0.0"
"ZCEPT0335";"Epson  T0335 cyan light";"0.0";"0.0"
"ZCEPT0336";"Epson  T0336 magenta light";"0.0";"0.0"
"ZCEPT0341";"Epson  T0341 black photo";"ZB";"0.0"
"ZCEPT0342";"Epson  T0342 cyan";"ZB";"0.0"
"ZCEPT0343";"Epson  T0343 magenta";"ZB";"0.0"
"ZCEPT0344";"Epson  T0344 yellow";"ZB";"0.0"
"ZCEPT0345";"Epson  T0345 cyan light";"ZB";"0.0"
"ZCEPT0346";"Epson  T0346 magenta light";"ZB";"0.0"
"ZCEPT0347";"Epson  T0347 black light";"ZB";"0.0"
"ZCEPT0348";"Epson  T0348 black matte";"ZB";"0.0"
"ZCEPT036";"Epson  T036 black";"0.0";"0.0"
"ZCEPT037";"Epson  T037 color";"0.0";"0.0"
"ZCEPT040";"Epson  T040 black";"0.0";"0.0"
"ZCEPT041";"Epson  T041 color";"0.0";"0.0"
"ZCEPT0421";"Epson  T0421 black";"0.0";"0.0"
"ZCEPT0422";"Epson  T0422 cyan";"0.0";"0.0"
"ZCEPT0423";"Epson  T0423 magenta";"0.0";"0.0"
"ZCEPT0424";"Epson  T0424 yellow";"0.0";"0.0"
"ZCEPT0431";"Epson  T0431 black";"0.0";"0.0"
"ZCEPT0432";"Epson  T0432 cyan";"0.0";"0.0"
"ZCEPT0433";"Epson  T0433 magenta";"0.0";"0.0"
"ZCEPT0434";"Epson  T0434 yellow";"0.0";"0.0"
"ZCEPT0441";"Epson  T0441 black";"0.0";"0.0"
"ZCEPT0442";"Epson  T0442 cyan";"0.0";"0.0"
"ZCEPT0443";"Epson  T0443 magenta";"0.0";"0.0"
"ZCEPT0444";"Epson  T0444 yellow";"0.0";"0.0"
"ZCEPT0451";"Epson  T0451 black";"0.0";"0.0"
"ZCEPT0452";"Epson  T0452 cyan";"0.0";"0.0"
"ZCEPT0453";"Epson  T0453 magenta";"0.0";"0.0"
"ZCEPT0454";"Epson  T0454 yellow";"0.0";"0.0"
"ZGEP481";"Epson  T0481";"0.0";"0.0"
"ZGEP482";"Epson  T0482";"0.0";"0.0"
"ZGEP483";"Epson  T0483";"0.0";"0.0"
"ZGEP484";"Epson  T0484";"0.0";"0.0"
"ZGEP485";"Epson  T0485";"0.0";"0.0"
"ZGEP486";"Epson  T0486";"0.0";"0.0"
"ZCEPT0540";"Epson  T0540 glass optimizer";"ZB";"0.0"
"ZCEPT0541";"Epson  T0541 black photo";"ZB";"0.0"
"ZCEPT0542";"Epson  T0542 cyan";"ZB";"0.0"
"ZCEPT0543";"Epson  T0543 magenta";"ZB";"0.0"
"ZCEPT0544";"Epson  T0544 yellow";"ZB";"0.0"
"ZCEPT0547";"Epson  T0547 red";"ZB";"0.0"
"ZCEPT0548";"Epson  T0548 black matte";"ZB";"0.0"
"ZCEPT0549";"Epson  T0549 blue";"ZB";"0.0"
"ZGEP551";"Epson  T0551";"0.0";"0.0"
"ZGEP552";"Epson  T0552";"0.0";"0.0"
"ZGEP553";"Epson  T0553";"0.0";"0.0"
"ZGEP554";"Epson  T0554";"0.0";"0.0"
"ZCEPT0591";"Epson  T0591 black photo";"0.0";"0.0"
"ZCEPT0592";"Epson  T0592 cyan";"0.0";"0.0"
"ZCEPT0593";"Epson  T0593 magenta";"0.0";"0.0"
"ZCEPT0594";"Epson  T0594 yellow";"0.0";"0.0"
"ZCEPT0595";"Epson  T0595 cyan light";"0.0";"0.0"
"ZCEPT0596";"Epson  T0596 magenta light";"0.0";"0.0"
"ZCEPT0597";"Epson  T0597 black light";"0.0";"0.0"
"ZCEPT0598";"Epson  T0598 black matte";"0.0";"0.0"
"ZCEPT0599";"Epson  T0599 black light light";"0.0";"0.0"
"ZGEP611";"Epson  T0611";"0.0";"0.0"
"ZGEP612";"Epson  T0612";"0.0";"0.0"
"ZGEP613";"Epson  T0613";"0.0";"0.0"
"ZGEP614";"Epson  T0614";"0.0";"0.0"
"ZGEP711";"Epson  T0711";"0.0";"0.0"
"ZGEP712";"Epson  T0712";"0.0";"0.0"
"ZGEP713";"Epson  T0713";"0.0";"0.0"
"ZGEP714";"Epson  T0714";"0.0";"0.0"
"ZGEP791";"Epson  T0791";"0.0";"0.0"
"ZGEP792";"Epson  T0792";"0.0";"0.0"
"ZGEP793";"Epson  T0793";"0.0";"0.0"
"ZGEP794";"Epson  T0794";"0.0";"0.0"
"ZGEP795";"Epson  T0795";"0.0";"0.0"
"ZGEP796";"Epson  T0796";"0.0";"0.0"
"ZGEP801";"Epson  T0801";"0.0";"0.0"
"ZGEP802";"Epson  T0802";"0.0";"0.0"
"ZGEP803";"Epson  T0803";"0.0";"0.0"
"ZGEP804";"Epson  T0804";"0.0";"0.0"
"ZGEP805";"Epson  T0805";"0.0";"0.0"
"ZGEP806";"Epson  T0806";"0.0";"0.0"
"ZCEPT0870";"Epson  T0870 glass optimizer";"0.0";"0.0"
"ZCEPT0871";"Epson  T0871 black photo";"0.0";"0.0"
"ZCEPT0872";"Epson  T0872 cyan";"0.0";"0.0"
"ZCEPT0873";"Epson  T0873 magenta";"0.0";"0.0"
"ZCEPT0875";"Epson  T0874 yellow";"0.0";"0.0"
"ZCEPT087";"Epson  T0877 red";"0.0";"0.0"
"ZCEPT0879";"Epson  T0879 orange";"0.0";"0.0"
"ZGEP891";"Epson  T0891";"0.0";"0.0"
"ZGEP892";"Epson  T0892";"0.0";"0.0"
"ZGEP893";"Epson  T0893";"0.0";"0.0"
"ZGEP894";"Epson  T0894";"0.0";"0.0"
"ZCEPT0961";"Epson  T0961 black photo";"0.0";"0.0"
"ZCEPT0962";"Epson  T0962 cyan";"0.0";"0.0"
"ZCEPT0963";"Epson  T0963 magenta";"0.0";"0.0"
"ZCEPT0964";"Epson  T0964 yellow";"0.0";"0.0"
"ZCEPT0965";"Epson  T0965 cyan light";"0.0";"0.0"
"ZCEPT0966";"Epson  T0966 magenta light";"0.0";"0.0"
"ZCEPT0967";"Epson  T0967 black light";"0.0";"0.0"
"ZCEPT0968";"Epson  T0968 black matte";"0.0";"0.0"
"ZCEPT0969";"Epson  T0969 black light light";"0.0";"0.0"
"ZCEPT1001";"Epson  T1001 black";"0.0";"0.0"
"ZCEPT1002";"Epson  T1002 cyan";"0.0";"0.0"
"ZCEPT1003";"Epson  T1003 magenta";"0.0";"0.0"
"ZCEPT1004";"Epson  T1004 yellow";"0.0";"0.0"
"ZGEP1281";"Epson  T1281";"0.0";"0.0"
"ZGEP1282";"Epson  T1282";"0.0";"0.0"
"ZGEP1283";"Epson  T1283";"0.0";"0.0"
"ZGEP1284";"Epson  T1284";"0.0";"0.0"
"ZGEP1291";"Epson  T1291";"0.0";"0.0"
"ZGEP1292";"Epson  T1292";"0.0";"0.0"
"ZGEP1293";"Epson  T1293";"0.0";"0.0"
"ZGEP1294";"Epson  T1294";"0.0";"0.0"
"ZGEP1301";"Epson  T1301";"0.0";"0.0"
"ZGEP1302";"Epson  T1302";"0.0";"0.0"
"ZGEP1303";"Epson  T1303";"0.0";"0.0"
"ZGEP1304";"Epson  T1304";"0.0";"0.0"
"ZGEPT1590";"Epson  T1590 gloss optimizer";"0.0";"0.0"
"ZCEPT1591";"Epson  T1591 photo black";"0.0";"0.0"
"ZCEPT1592";"Epson  T1592 cyan";"0.0";"0.0"
"ZGEPT1593";"Epson  T1593 magenta";"0.0";"0.0"
"ZGEPT1594";"Epson  T1594 yellow";"0.0";"0.0"
"ZGEPT1597";"Epson  T1597 red";"0.0";"0.0"
"ZGEPT1598";"Epson  T1598 matte black";"0.0";"0.0"
"ZGEPT1599";"Epson  T1599 orange";"0.0";"0.0"
"ZCEPT266B";"Epson  T266 black";"0.0";"0.0"
"ZCEPT267CMY";"Epson  T267 cmy";"0.0";"0.0"
"ZGEP5801";"Epson  T5801 photo black";"0.0";"0.0"
"ZGEP5802";"Epson  T5802 cyan";"0.0";"0.0"
"ZGEP5803";"Epson  T5803 magenta";"0.0";"0.0"
"ZGEP5804";"Epson  T5804 yellow";"0.0";"0.0"
"ZGEP5805";"Epson  T5805 light cyan";"0.0";"0.0"
"ZGEP5806";"Epson  T5806 light magenta";"0.0";"0.0"
"ZGEP5807";"Epson  T5807 light black";"0.0";"0.0"
"ZGEP5808";"Epson  T5808 matte black";"0.0";"0.0"
"ZGEP5809";"Epson  T5809 light light black";"0.0";"0.0"
"ZCEPT5911";"Epson  T5911 photo black";"0.0";"0.0"
"ZCEPT5912";"Epson  T5912 cyan";"0.0";"0.0"
"ZCEPT5913";"Epson  T5913 vivid magenta";"0.0";"0.0"
"ZCEPT5914";"Epson  T5914 yellow";"0.0";"0.0"
"ZCEPT5915";"Epson  T5915 light cyan";"0.0";"0.0"
"ZCEPT5916";"Epson  T5916 vivid light magenta";"0.0";"0.0"
"ZCEPT5917";"Epson  T5917 light black";"0.0";"0.0"
"ZCEPT5918";"Epson  T5918 matte black";"0.0";"0.0"
"ZCEPT5919";"Epson  T5919 light light black";"0.0";"0.0"
"ZCEPT5961";"Epson  T5961 black photo";"ZB";"0.0"
"ZCEPT5962";"Epson  T5962 cyan";"ZB";"0.0"
"ZCEPT5963";"Epson  T5963 magenta";"ZB";"0.0"
"ZCEPT5964";"Epson  T5964 yellow";"ZB";"0.0"
"ZCEPT5968";"Epson  T5968 black matte";"ZB";"0.0"
"ZCEPT6061";"Epson  T6061 photo black";"0.0";"0.0"
"ZCEPT6062";"Epson  T6062 cyan";"0.0";"0.0"
"ZCEPT6063";"Epson  T6063 vivid magenta";"0.0";"0.0"
"ZCEPT6064";"Epson  T6064 yellow";"0.0";"0.0"
"ZCEPT6065";"Epson  T6065 light cyan";"0.0";"0.0"
"ZCEPT6066";"Epson  T6066 vivid light magenta";"0.0";"0.0"
"ZCEPT6067";"Epson  T6067 light black";"0.0";"0.0"
"ZCEPT6068";"Epson  T6068 matte black";"0.0";"0.0"
"ZCEPT6069";"Epson  T6069 light light black";"0.0";"0.0"
"ZCEPT606B";"Epson  T606B magenta";"0.0";"0.0"
"ZCEPT606C";"Epson  T606C light magenta";"0.0";"0.0"
"ZCEPT6112";"Epson  T6112 cyan";"0.0";"0.0"
"ZCEPT6113";"Epson  T6113 magenta";"ZB";"0.0"
"ZCEPT6114";"Epson  T6114 yellow";"0.0";"0.0"
"ZCEPT6118";"Epson  T6118 matte black";"0.0";"0.0"
"ZCEPT6121";"Epson  T6121 photo black";"0.0";"0.0"
"ZCEPT6122";"Epson  T6122 cyan";"0.0";"0.0"
"ZCEPT6123";"Epson  T6123 magenta";"0.0";"0.0"
"ZCEPT6124";"Epson  T6124 yellow";"0.0";"0.0"
"ZCEPT6128";"Epson  T6128 matte black";"0.0";"0.0"
"ZCEPT6161";"Epson  T6161 black";"ZB";"0.0"
"ZCEPT6162";"Epson  T6162 cyan";"ZB";"0.0"
"ZCEPT6163";"Epson  T6163 magenta";"ZB";"0.0"
"ZCEPT6164";"Epson  T6164 yellow";"ZB";"0.0"
"ZCEPT6181";"Epson  T6181 black";"ZB";"0.0"
"ZCEPT6361";"Epson  T6361 black photo";"0.0";"0.0"
"ZCEPT6362";"Epson  T6362 cyan";"0.0";"0.0"
"ZCEPT6363";"Epson  T6363 magenta";"0.0";"0.0"
"ZCEPT6364";"Epson  T6364 yellow";"0.0";"0.0"
"ZCEPT6367";"Epson  T6367 light black";"0.0";"0.0"
"ZCEPT6368";"Epson  T6368 black matte";"0.0";"0.0"
"ZCEPT6531";"Epson  T6531 photo black";"ZB";"0.0"
"ZCEPT6532";"Epson  T6532 cyan";"ZB";"0.0"
"ZCEPT6533";"Epson  T6533 vivid magenta";"ZB";"0.0"
"ZCEPT6534";"Epson  T6534 yellow";"ZB";"0.0"
"ZCEPT6535";"Epson  T6535 light cyan";"ZB";"0.0"
"ZCEPT6536";"Epson  T6536 vivid light magenta";"ZB";"0.0"
"ZCEPT6537";"Epson  T6537 light black";"ZB";"0.0"
"ZCEPT6538";"Epson  T6538 matte black";"ZB";"0.0"
"ZCEPT6539";"Epson  T6539 light light black";"ZB";"0.0"
"ZCEPT653A";"Epson  T653A orange";"0.0";"0.0"
"ZCEPT653B";"Epson  T653B green";"0.0";"0.0"
"ZCEPT6931";"Epson  T6931 black";"ZB";"0.0"
"ZCEPT6932";"Epson  T6932 cyan";"ZB";"0.0"
"ZCEPT6933";"Epson  T6933 magenta";"ZB";"0.0"
"ZCEPT6934";"Epson  T6934 yellow";"ZB";"0.0"
"ZCEPT6935";"Epson  T6935 matte black";"ZB";"0.0"
"ZCEPT6941";"Epson  T6941 black";"0.0";"0.0"
"ZCEPT6942";"Epson  T6942 cyan";"0.0";"0.0"
"ZCEPT6943";"Epson  T6943 magenta";"0.0";"0.0"
"ZCEPT6944";"Epson  T6944 yellow";"0.0";"0.0"
"ZCEPT6945";"Epson  T6945 matte black";"0.0";"0.0"
"ZCEPT7011";"Epson  T7011 black";"ZB";"0.0"
"ZCEPT7012";"Epson  T7012 cyan";"ZB";"0.0"
"ZCEPT7013";"Epson  T7013 magenta";"ZB";"0.0"
"ZCEPT7014";"Epson  T7014 yellow";"ZB";"0.0"
"ZCEPT7021";"Epson  T7021 black";"ZB";"0.0"
"ZCEPT7022";"Epson  T7022 cyan";"ZB";"0.0"
"ZCEPT7023";"Epson  T7023 magenta";"ZB";"0.0"
"ZCEPT7024";"Epson  T7024 yellow";"ZB";"0.0"
"ZCEPT7031";"Epson  T7031 black";"0.0";"0.0"
"ZCEPT7032";"Epson  T7032 cyan";"0.0";"0.0"
"ZCEPT7033";"Epson  T7033 magenta";"0.0";"0.0"
"ZCEPT7034";"Epson  T7034 yellow";"0.0";"0.0"
"ZCEPT7541";"Epson  T7541 black";"ZB";"0.0"
"ZCEPT7542";"Epson  T7542 cyan";"ZB";"0.0"
"ZCEPT7543";"Epson  T7543 magenta";"ZB";"0.0"
"ZCEPT7544";"Epson  T7544 yellow";"ZB";"0.0"
"ZCEPT7551";"Epson  T7551 black";"0.0";"0.0"
"ZCEPT7552";"Epson  T7552 cyan";"0.0";"0.0"
"ZCEPT7553";"Epson  T7553 magenta";"0.0";"0.0"
"ZCEPT7554";"Epson  T7554 yellow";"0.0";"0.0"
"ZCEPT7561";"Epson  T7561 black";"0.0";"0.0"
"ZCEPT7562";"Epson  T7562 cyan";"0.0";"0.0"
"ZCEPT7563";"Epson  T7563 magenta";"0.0";"0.0"
"ZCEPT7564";"Epson  T7564 yellow";"0.0";"0.0"
"ZCEPT7601";"Epson  T7601 photo black";"0.0";"0.0"
"ZCEPT7602";"Epson  T7602 cyan";"0.0";"0.0"
"ZCEPT7603";"Epson  T7603 magenta";"0.0";"0.0"
"ZCEPT7604";"Epson  T7604 yellow";"0.0";"0.0"
"ZCEPT7605";"Epson  T7605 light cyan";"0.0";"0.0"
"ZCEPT7606";"Epson  T7606 light magenta";"0.0";"0.0"
"ZCEPT7607";"Epson  T7607 light black";"0.0";"0.0"
"ACEPT7608";"Epson  T7608 matte black";"0.0";"0.0"
"ZCEPT7609";"Epson  T7609 light light black";"0.0";"0.0"
"ZCEPT7891";"Epson  T7891 black";"ZB";"0.0"
"ZCEPT7892";"Epson  T7892 cyan";"ZB";"0.0"
"ZCEPT7893";"Epson  T7893 magenta";"ZB";"0.0"
"ZCEPT7894";"Epson  T7894 yellow";"ZB";"0.0"
"ZCEPT7901";"Epson  T7901 black   79XL";"ZB";"0.0"
"ZCEPT7902";"Epson  T7902 cyan   79XL";"ZB";"0.0"
"ZCEPT7903";"Epson  T7903 magenta   79XL";"ZB";"0.0"
"ZCEPT7904";"Epson  T7904 yellow   79XL";"ZB";"0.0"
"ZCEPT7911";"Epson  T7911 black   79";"0.0";"0.0"
"ZCEPT7912";"Epson  T7912 cyan   79";"0.0";"0.0"
"ZCEPT7913";"Epson  T7913 magenta   79";"0.0";"0.0"
"ZCEPT7914";"Epson  T7914 yellow   79";"0.0";"0.0"
"ZCEPT8241";"Epson  T8241 photo black";"ZB";"0.0"
"ZCEPT8242";"Epson  T8242 cyan";"ZB";"0.0"
"ZCEPT8243";"Epson  T8243 vivid magenta";"ZB";"0.0"
"ZCEPT8244";"Epson  T8244 yellow";"ZB";"0.0"
"ZCEPT8245";"Epson  T8245 light cyan";"ZB";"0.0"
"ZCEPT8246";"Epson  T8246 vivid light magenta";"ZB";"0.0"
"ZCEPT8247";"Epson  T8247 light black";"ZB";"0.0"
"ZCEPT8248";"Epson  T8248 matte black";"ZB";"0.0"
"ZCEPT8249";"Epson  T8249 light light black";"ZB";"0.0"
"ZCEPT824A";"Epson  T824A orange";"0.0";"0.0"
"ZCEPT824B";"Epson  T824B green";"0.0";"0.0"
"ZCEPT824D";"Epson  T824V violet";"0.0";"0.0"
"ZCEPT8501";"Epson  T8501 photo black";"ZB";"0.0"
"ZCEPT8502";"Epson  T8502 cyan";"ZB";"0.0"
"ZCEPT8503";"Epson  T8503 magenta";"ZB";"0.0"
"ZCEPT8504";"Epson  T8504 yellow";"ZB";"0.0"
"ZCEPT8505";"Epson  T8505 light cyan";"ZB";"0.0"
"ZCEPT8506";"Epson  T8506 light magenta";"ZB";"0.0"
"ZCEPT8507";"Epson  T8507 light black";"ZB";"0.0"
"ZCEPT8508";"Epson  T8508 matte black";"ZB";"0.0"
"ZCEPT8509";"Epson  T8509 light light black";"ZB";"0.0"
"ZCEPT8581";"Epson  T8581 black";"0.0";"0.0"
"ZCEPT8582";"Epson  T8582 cyan";"0.0";"0.0"
"ZCEPT8583";"Epson  T8583 magenta";"0.0";"0.0"
"ZCEPT8584";"Epson  T8584 yellow";"0.0";"0.0"
"ZCEPT9701";"Epson  T9071 black XXL";"ZB";"0.0"
"ZCEPT9702";"Epson  T9072 cyan XXL";"ZB";"0.0"
"ZCEPT9703";"Epson  T9073 magenta  XXL";"ZB";"0.0"
"ZCEPT9074";"Epson  T9074 yellow  XXL";"ZB";"0.0"
"ZCEPT9081";"Epson  T9081 black XL";"ZB";"0.0"
"ZCEPT9082";"Epson  T9082 cyan XL";"ZB";"0.0"
"ZCEPT9083";"Epson  T9083 magenta  XL";"ZB";"0.0"
"ZCEPT9084";"Epson  T9084 yellow  XL";"ZB";"0.0"
"ZCEPT9131";"Epson  T9131 black 1699019";"ZB";"0.0"
"ZCEPT9132";"Epson  T9132 cyan 1699020";"ZB";"0.0"
"ZCEPT9133";"Epson  T9133 vivid magenta 1699021";"ZB";"0.0"
"ZCEPT9134";"Epson  T9134 yellow 1699022";"ZB";"0.0"
"ZCEPT9135";"Epson  T9135 light cyan 1699023";"ZB";"0.0"
"ZCEPT9136";"Epson  T9136 vivid light magenta 1699024";"ZB";"0.0"
"ZCEPT9137";"Epson  T9137 light black 1699025";"ZB";"0.0"
"ZCEPT9138";"Epson  T9138 matte black 1699026";"ZB";"0.0"
"ZCEPT9139";"Epson  T9139 light light black 1699027";"ZB";"0.0"
"ZCEPT913A";"Epson  T913A orange 1699028";"ZB";"0.0"
"ZCEPT913B";"Epson  T913B green 1699029";"ZB";"0.0"
"ZCEPT9441";"Epson  T9441 black";"0.0";"0.0"
"ZCEPT9442";"Epson  T9442 cyan";"0.0";"0.0"
"ZCEPT9443";"Epson  T9443 magenta";"0.0";"0.0"
"ZCEPT9444";"Epson  T9444 yellow";"0.0";"0.0"
"ZCEPT9451";"Epson  T9451 black";"0.0";"0.0"
"ZCEPT9452";"Epson  T9452 cyan";"0.0";"0.0"
"ZCEPT9453";"Epson  T9453 magenta";"0.0";"0.0"
"ZCEPT9454";"Epson  T9454 yellow";"0.0";"0.0"
"ZGHP2000B";"HP  10 black  C4844A";"0.0";"0.0"
"ZGHPC4841A";"HP  10 cyan  C4841A";"0.0";"0.0"
"ZGHPC4843A";"HP  10 magenta  C4843A";"0.0";"0.0"
"ZGHPC4842A";"HP  10 yellow  C4842A";"0.0";"0.0"
"ZGHP1700C";"HP  11 cyan  C4836AE";"0.0";"0.0"
"ZGHP1700M";"HP  11 magenta  C4837AE";"0.0";"0.0"
"ZGHP1700Y";"HP  11 yellow  C4838AE";"0.0";"0.0"
"ZGHP123SBS";"HP  123 black   SETUP";"2.0";"2.0"
"ZGHP123B";"HP  123 black  F6V17AE";"3.0";"3.0"
"ZGHP123CS";"HP  123 color   SETUP";"2.0";"2.0"
"ZGHP123C";"HP  123 color  F6V16AE";"3.0";"3.0"
"ZGHP123XLB";"HP  123XL black  F6V19AE";"3.0";"3.0"
"ZGHP123XLC";"HP  123XL color  F6V18AE";"3.0";"3.0"
"ZHP13BL";"HP  13 black  C4814A";"0.0";"0.0"
"ZHP13C";"HP  13 cyan  C4815A";"0.0";"0.0"
"ZHP13M";"HP  13 magenta  C4816A";"0.0";"0.0"
"ZHP13Y";"HP  13 yellow  C4817A";"0.0";"0.0"
"ZCHP14CMY";"HP  14 tricolor  C5010D";"0.0";"0.0"
"ZGHP302B";"HP  302 black                 F6U66AE";"11.0";"11.0"
"ZCHP302B302XLB";"HP  302 black SETUP     N9J10AE";"11.0";"11.0"
"ZGHP302CMY";"HP  302 col                     F6U65AE";"11.0";"11.0"
"ZCHP302C302XLC";"HP  302 col SETUP         N9J09AE";"11.0";"11.0"
"ZCHP302BI";"HP  302/302XL black NV";"4.0";"4.0"
"ZCHP302CMYI";"HP  302/302XL color NV";"4.0";"4.0"
"pa0109";"HP  302/303/304/305 mix colors // LONG";"4.0";"4.0"
"ZGHP302XLB";"HP  302XL black              F6U68AE";"11.0";"11.0"
"ZGHP302XLCMY";"HP  302XL color               F6U67AE";"11.0";"11.0"
"ZCHP303BK";"HP  303 bl                T6N02AE";"17.0";"17.0"
"ZGHP303BKI";"HP  303 bl NV";"4.0";"4.0"
"ZGHP303BS";"HP  303 bl SETUP";"12.0";"12.0"
"ZGHP303C";"HP  303 col               T6N01AE";"17.0";"17.0"
"ZGHP303CI";"HP  303 col NV";"4.0";"4.0"
"ZGHP303CS";"HP  303 col SETUP";"12.0";"12.0"
"ZGHP303XLBK";"HP  303XL bl                T6N04AE";"17.0";"17.0"
"ZGHP303XLC";"HP  303XL col                T6N03AE";"17.0";"17.0"
"ZCHP304B";"HP  304 black                N9K06AE";"11.0";"11.0"
"ZCHP304BIIS";"HP  304 black SETUP   N9K00AE, N9J96AE";"11.0";"11.0"
"ZCHP304CMY";"HP  304 color                 N9K05AE";"11.0";"11.0"
"ZCHO304CIIS";"HP  304 color SETUP   N9J99AE, N9J95AE";"11.0";"11.0"
"ZCHP304BI";"HP  304/304XL black NV";"4.0";"4.0"
"ZCHP304CI";"HP  304/304XL col NV";"4.0";"4.0"
"ZCHP304BXL";"HP  304XL black             N9K08AE";"11.0";"11.0"
"ZCHP304CXL";"HP  304XL color              N9K07AE";"11.0";"11.0"
"ZCHP305BL";"HP  305 bl    3YM61AE";"14.0";"14.0"
"ZCHP305BS";"HP  305 bl SETUP";"14.0";"14.0"
"ZCHP305C";"HP  305 col    3YM60AE";"14.0";"14.0"
"ZCHP305CS";"HP  305 col SETUP";"14.0";"14.0"
"ZCHP305BI";"HP  305/305XL black NV";"0.0";"0.0"
"ZCHP305CI";"HP  305/305XL color NV";"0.0";"0.0"
"ZCHP305XLB";"HP  305XL bl    3YM62AE";"14.0";"14.0"
"ZCHP305XLC";"HP  305XL col    3YM63AE";"14.0";"14.0"
"ZGHP307XLB";"HP  307XL bl     3YM64A";"0.0";"0.0"
"ZCHP308BLS";"HP  308 black SETUP    7FP03A";"0.0";"0.0"
"ZCHP308ClS";"HP  308 color SETUP    7FP02A";"0.0";"0.0"
"ZGHP5780";"HP  350";"0.0";"0.0"
"ZGHP5780I";"HP  350 NV";"ZB";"0.0"
"ZGHP5780S";"HP  350 START";"0.0";"0.0"
"ZGHP5780XL";"HP  350 XL";"0.0";"0.0"
"ZGHP5780XLI";"HP  350 XL NV";"ZB";"0.0"
"ZGHP5780C";"HP  351";"0.0";"0.0"
"ZGHP5780CI";"HP  351 NV";"ZB";"0.0"
"ZGHP5780CXL";"HP  351 XL";"0.0";"0.0"
"ZGHP5780CXLI";"HP  351 XL NV";"0.0";"0.0"
"ZGHP363B";"HP  363 black  C8721EE";"0.0";"0.0"
"ZCHP363C";"HP  363 cyan  C8771EE";"0.0";"0.0"
"ZCHP363M";"HP  363 magenta  C8772EE";"0.0";"0.0"
"ZCHP363PC";"HP  363 photo cyan  C8774EE";"0.0";"0.0"
"ZCHP363PM";"HP  363 photo magenta  C8775EE";"0.0";"0.0"
"ZCHP363Y";"HP  363 yellow  C8773EE";"0.0";"0.0"
"ZCHP3763XLB";"HP  363XL black  C8719EE";"0.0";"0.0"
"ZGHP364B";"HP  364 black  CN680E";"0.0";"0.0"
"ZGHP364C";"HP  364 cyan  CN681E";"0.0";"0.0"
"ZGHP364M";"HP  364 magenta  CN682E";"0.0";"0.0"
"ZCHP364S";"HP  364 mix SETUP";"0.0";"0.0"
"ZGHP364Y";"HP  364 yellow  CN683E";"0.0";"0.0"
"ZGHP364XLB";"HP  364XL black  CN684E";"0.0";"0.0"
"ZGHP364XLC";"HP  364XL cyan  CN685E";"0.0";"0.0"
"ZGHP364XLM";"HP  364XL magenta  CN686E";"0.0";"0.0"
"ZGHP364XLY";"HP  364XL yellow  CN687E";"0.0";"0.0"
"ZHP38B";"HP  38 black  C9412A";"0.0";"0.0"
"ZHP38C";"HP  38 cyan  C9415A";"0.0";"0.0"
"ZHP38LC";"HP  38 light cyan  C9418A";"0.0";"0.0"
"ZHP38LG";"HP  38 light grey  C9414A";"0.0";"0.0"
"ZHP38LM";"HP  38 light magenta  C9419A";"0.0";"0.0"
"ZHP38M";"HP  38 magenta  C9416A";"0.0";"0.0"
"ZHP38PH";"HP  38 photo  C9413A";"0.0";"0.0"
"ZHP38Y";"HP  38 yellow  C9417A";"0.0";"0.0"
"ZCHP3YP17A";"HP  3YP17A tricolor                     ";"0.0";"0.0"
"ZGHP850BICHIP";"HP  45/15 NV with CHIP";"0.0";"0.0"
"ZGHP45CHIP";"HP  45/15 OEM with CHIP";"0.0";"0.0"
"ZGHPCG378A";"HP  45/15 similar  CG378A";"0.0";"0.0"
"hp46bl";"HP  46 black";"0.0";"0.0"
"hp46col";"HP  46 color";"0.0";"0.0"
"ZHP47B";"HP  47 bl    6ZD21AE";"4.0";"4.0"
"ZHP47BS";"HP  47 bl SETUP";"4.0";"4.0"
"ZHP47C";"HP  47 col  6ZD61AE";"4.0";"4.0"
"ZHP47CS";"HP  47 col SETUP";"4.0";"4.0"
"ZCHP50C";"HP  50 cyan  51650CE";"0.0";"0.0"
"ZCHP50M";"HP  50 magenta  51650ME";"0.0";"0.0"
"ZCHP50Y";"HP  50 yellow  51650YE";"0.0";"0.0"
"ZHP51625A";"HP  51625A    25";"0.0";"0.0"
"ZGHP0500B";"HP  51626A    26";"0.0";"0.0"
"ZGHP0500BI";"HP  51626A    26 NV";"0.0";"0.0"
"ZGHP0600B";"HP  51629A/G     29";"0.0";"0.0"
"ZGHP1200C";"HP  51640A       40 black";"0.0";"0.0"
"ZHP51640C";"HP  51640C       40 cyan";"0.0";"0.0"
"ZHP51640M";"HP  51640M       40 magenta";"0.0";"0.0"
"ZHP51640Y";"HP  51640Y       40 yellow";"0.0";"0.0"
"ZHP51641A";"HP  51641A       41 color";"0.0";"0.0"
"ZCHP51644BE";"HP  51644BE black  44";"0.0";"0.0"
"ZCHP51644CE";"HP  51644CE cyan  44";"0.0";"0.0"
"ZCHP51644ME";"HP  51644ME magenta  44";"0.0";"0.0"
"ZCHP51644YE";"HP  51644YE yellow  44";"0.0";"0.0"
"ZGHP0850B";"HP  51645A/G      45    tusz";"20.0";"20.0"
"ZGHP0850BI";"HP  51645A/G      45 NV   tusz";"10.0";"10.0"
"ZGHP0600C";"HP  51649A/G/N     49";"0.0";"0.0"
"ZGHP564b";"HP  564 black  CB316WN";"0.0";"0.0"
"ZHP564C";"HP  564 cyan  CB318WN";"0.0";"0.0"
"ZHP564M";"HP  564 magenta  CB319WN";"0.0";"0.0"
"ZHP564P";"HP  564 photo  CB317WN";"0.0";"0.0"
"ZHP564S";"HP  564 SETUP";"0.0";"0.0"
"ZHP564Y";"HP  564 yellow  CB320WN";"0.0";"0.0"
"ZHP564XLB";"HP  564XL black  CN684WN";"0.0";"0.0"
"ZHP564XLP";"HP  564XL photo  CB322WN";"0.0";"0.0"
"ZHP60BS";"HP  60 black   START";"0.0";"0.0"
"ZGHP60B";"HP  60 black  CC640WN";"0.0";"0.0"
"ZHP60BI";"HP  60 black NV";"0.0";"0.0"
"ZHP60CS";"HP  60 color   START";"0.0";"0.0"
"ZGHP60C";"HP  60 color  CC643WN";"0.0";"0.0"
"ZHP60CNV";"HP  60 color NV";"0.0";"0.0"
"ZGHP60XLB";"HP  60XL black  CC641WN";"0.0";"0.0"
"ZGHP60XLC";"HP  60XL color  CC644WN";"0.0";"0.0"
"ZGHP61B";"HP  61 bl";"0.0";"0.0"
"ZHP61BLNV";"HP  61 bl NV";"0.0";"0.0"
"ZGHP61C";"HP  61 col";"0.0";"0.0"
"ZHP61CNV";"HP  61 col NV";"0.0";"0.0"
"ZCHP62B";"HP  62 bl                C2P04AE";"16.0";"16.0"
"ZCHP62B62XLB";"HP  62 bl SETUP    N9J43AE";"12.0";"12.0"
"ZCHP62COL";"HP  62 col              C2P06AE";"16.0";"16.0"
"ZCHP62C62XLC";"HP  62 col SETUP   J3N47AE, N9J42AE";"12.0";"12.0"
"pa0110";"Hp  62 mix colors // LONG";"0.0";"0.0"
"ZCHP62XLBI";"HP  62/62XL black NV";"4.0";"4.0"
"ZCHP62CI";"HP  62/62XL color NV";"4.0";"4.0"
"ZCHP62XLB";"HP  62XL bl             C2P05AE";"18.0";"18.0"
"ZCHP62XLCOL";"HP  62XL col           C2P07AE";"18.0";"18.0"
"ZCHP63B";"HP  63 bl                F6U62AE";"4.0";"4.0"
"ZGHP63BLN";"HP  63 bl NV";"0.0";"0.0"
"ZCHP63B63XLB";"HP  63 bl SETUP  J3N50AE,N9J07AE,N9J08AE";"4.0";"4.0"
"ZCHP63C";"HP  63 col              F6U61AE";"4.0";"4.0"
"ZGHP63COLNV";"HP  63 col NV";"0.0";"0.0"
"ZCHP63C63XLC";"HP  63 col SETUP J3N49AE,N9J06AE,N9K12AE";"4.0";"4.0"
"ZCHP63XLB";"HP  63XL bl             F6U64AE";"4.0";"4.0"
"ZCHP63XLC";"HP  63XL col           F6U63AE";"4.0";"4.0"
"ZGHP64B";"HP  64 bl                N9J90AN";"0.0";"0.0"
"ZGHP64BI";"HP  64 bl NV";"0.0";"0.0"
"ZGHP64BS";"HP  64 bl SETUP";"0.0";"0.0"
"ZGHP64C";"HP  64 col               N9J89AN";"0.0";"0.0"
"ZGHP64CI";"HP  64 col NV";"0.0";"0.0"
"ZGHP64CS";"HP  64 col SETUP";"0.0";"0.0"
"ZGHP64XLB";"HP  64XL bl                N9J92AN";"0.0";"0.0"
"ZGHP64XLC";"HP  64XL col                N9J91AN";"0.0";"0.0"
"ZGHP65B";"HP  65 bl                N9K02AN";"0.0";"0.0"
"ZGHP65BI";"HP  65 bl NV";"0.0";"0.0"
"ZGHP65BS";"HP  65 bl SETUP";"0.0";"0.0"
"ZGHP65C";"HP  65 col               N9K01AN";"0.0";"0.0"
"ZGHP65CS";"HP  65 col  SETUP";"0.0";"0.0"
"ZGHP65CI";"HP  65 col NV";"0.0";"0.0"
"ZGHP650B";"HP  650 bl";"10.0";"10.0"
"ZGHP650BI";"HP  650 bl NV";"3.0";"3.0"
"ZGHP650C";"HP  650 col";"10.0";"10.0"
"ZGHP650CI";"HP  650 col NV";"3.0";"3.0"
"ZGHP651B";"HP  651 bl                 C2P10AE";"17.0";"17.0"
"ZGHP651BLN";"HP  651 bl NV";"0.0";"0.0"
"hp651blst";"HP  651 bl SETUP";"10.0";"10.0"
"ZGHP651CMY";"HP  651 col                C2P11AE";"17.0";"17.0"
"ZGHP651COLN";"HP  651 col NV";"0.0";"0.0"
"hp651colst";"HP  651 col SETUP";"10.0";"10.0"
"ZGHP652B";"HP  652 bl                F6V25AE";"10.0";"10.0"
"ZGHP652BI";"HP  652 bl NV";"3.0";"3.0"
"ZGHP625BS";"HP  652 bl SETUP    N9J25AE, N9J27AE";"10.0";"10.0"
"ZG652COL";"HP  652 col               F6V24AE";"10.0";"10.0"
"ZGHP652CMYI";"HP  652 col NV";"3.0";"3.0"
"ZGHP625CMYS";"HP  652 col SETUP   N9J26AE, N9J24AE";"10.0";"10.0"
"ZCHP653B";"HP  653 bl    3YM75AE";"12.0";"12.0"
"ZHP653BI";"HP  653 bl NV";"0.0";"0.0"
"ZCHP653BS";"HP  653 bl SETUP";"12.0";"12.0"
"ZCHP653C";"HP  653 col    3YM74AE";"12.0";"12.0"
"ZHP653CI";"HP  653 col NV";"0.0";"0.0"
"ZCHP653CS";"HP  653 col SETUP";"12.0";"12.0"
"ZGHP655B";"HP  655 black  CZ109AE";"0.0";"0.0"
"ZGHP655C";"HP  655 cyan  CZ110AE";"0.0";"0.0"
"ZGHP655M";"HP  655 magenta  CZ111AE";"0.0";"0.0"
"ZCHP655S";"HP  655 mix SETUP";"0.0";"0.0"
"ZGHP655Y";"HP  655 yellow  CZ112AE";"0.0";"0.0"
"ZGHP65XLB";"HP  65XL bl                N9K04AN";"0.0";"0.0"
"ZGHP65XLC";"HP  65XL col                N9K03AN";"0.0";"0.0"
"ZGHP67B";"HP  67 black  3YM56A";"4.0";"4.0"
"ZGHP67BS";"HP  67 black  SETUP  3YM52A";"4.0";"4.0"
"ZHP67BLNV";"HP  67 black NV";"0.0";"0.0"
"ZGHP67C";"HP  67 color  3YM55A";"4.0";"4.0"
"ZHP67CNV";"HP  67 color NV";"0.0";"0.0"
"ZGHP67CS";"HP  67 color SETUP  3YM51A";"4.0";"4.0"
"ZGHP678B";"HP  678 black";"0.0";"0.0"
"ZGHP678C";"HP  678 color";"0.0";"0.0"
"ZGHP67XLB";"HP  67XL black  3YM57A";"4.0";"4.0"
"ZGHP67XLC";"HP  67XL color  3YM58A";"4.0";"4.0"
"pa0114";"HP  68/308 black 7FP43A // LONG";"0.0";"0.0"
"pa0115";"HP  68/308 color 7FP42A // LONG";"0.0";"0.0"
"ZCHP70BL";"HP  70 blue  C9458A";"0.0";"0.0"
"ZCHP70C";"HP  70 cyan  C9452A";"0.0";"0.0"
"ZHP70GE";"HP  70 glass enhancer  C9459A";"0.0";"0.0"
"ZCHP70GR";"HP  70 green  C9457A";"0.0";"0.0"
"ZCHP70G";"HP  70 grey  C9450A";"0.0";"0.0"
"ZCHP70CL";"HP  70 light cyan  C9390A";"0.0";"0.0"
"ZCHP70GL";"HP  70 light grey  C9451A";"0.0";"0.0"
"ZCHP70ML";"HP  70 light magenta  C9455A";"0.0";"0.0"
"ZCHP70M";"HP  70 magenta  C9453A";"0.0";"0.0"
"ZCHP70BM";"HP  70 matte black  C9448A";"0.0";"0.0"
"ZCHP70BP";"HP  70 photo black  C9449A";"0.0";"0.0"
"ZCHP70R";"HP  70 red  C9456A";"0.0";"0.0"
"ZCHP70Y";"HP  70 yellow  C9454A";"0.0";"0.0"
"ZCHP711S";"HP  711  SETUP";"0.0";"0.0"
"ZGHPCZ129A";"HP  711 black    CZ129A";"0.0";"0.0"
"ZCHP711B";"HP  711 black    CZ133A";"0.0";"0.0"
"ZCHP711C";"HP  711 cyan    CZ130A";"0.0";"0.0"
"ZCHP711M";"HP  711 magenta    CZ131A";"0.0";"0.0"
"ZCHP711Y";"HP  711 yellow    CZ132A";"0.0";"0.0"
"ZGHP712B";"HP  712 black    3ED70A";"0.0";"0.0"
"ZGHP712C";"HP  712 cyan    3ED67A";"0.0";"0.0"
"ZGHP712M";"HP  712 magenta    3ED68A";"0.0";"0.0"
"ZGHP712S";"HP  712 SETUP cmyk";"0.0";"0.0"
"ZGHP712Y";"HP  712 yellow    3ED69A";"0.0";"0.0"
"ZGHP712XLB";"HP  712XL black    3ED71A";"0.0";"0.0"
"ZHP72BSM";"HP  72   black  69 ml";"0.0";"0.0"
"ZHP72CSM";"HP  72   cyan  69 ml";"0.0";"0.0"
"ZHP72MSM";"HP  72   magenta  69 ml";"0.0";"0.0"
"ZHP72YSM";"HP  72   yellow  69 ml";"0.0";"0.0"
"ZCHP72XC";"HP  72 cyan  C9371A  130 ml";"0.0";"0.0"
"ZCHP72XG";"HP  72 grey  C9374A  130 ml";"0.0";"0.0"
"ZCHP72XM";"HP  72 magenta  C9372A  130 ml";"0.0";"0.0"
"ZCHP72XMB";"HP  72 matte black  C9403A  130 ml";"0.0";"0.0"
"ZCHP72XB";"HP  72 photo black  C9370A  130 ml";"0.0";"0.0"
"ZCHP72S";"HP  72 SETUP";"0.0";"0.0"
"ZCHP72XY";"HP  72 yellow  C9373A  130 ml";"0.0";"0.0"
"ZCHP726B";"HP  726 matte black CH575A";"0.0";"0.0"
"ZCHP727XC";"HP  727  cyan  F9J76A  300 ml";"0.0";"0.0"
"ZCHP727XG";"HP  727  grey  F9J80A  300 ml";"0.0";"0.0"
"ZCHP727XM";"HP  727  magenta  F9J77A  300 ml";"0.0";"0.0"
"ZCHP727XMB";"HP  727  matte black  C1Q12A  300 ml";"0.0";"0.0"
"ZCHP727XPB";"HP  727  photo black  F9J79A  300 ml";"0.0";"0.0"
"ZCHP727XY";"HP  727  yellow  F9J78A  300 ml";"0.0";"0.0"
"ZCHP727C";"HP  727 cyan  B3P19A  130 ml";"0.0";"0.0"
"ZCHP727G";"HP  727 grey  B3P24A  130 ml";"0.0";"0.0"
"ZCHP727M";"HP  727 magenta  B3P20A  130 ml";"0.0";"0.0"
"ZCHP727MB";"HP  727 matte black  B3P22A  130 ml";"0.0";"0.0"
"ZCHP727PB";"HP  727 photo black  B3P23A  130 ml";"0.0";"0.0"
"ZCHP727Y";"HP  727 yellow  B3P21A  130 ml";"0.0";"0.0"
"ZCHP728XC";"HP  728  cyan  F9K17A  300 ml";"0.0";"0.0"
"ZCHP728XM";"HP  728  magenta  F9K16A  300 ml";"0.0";"0.0"
"ZCHP728XMB";"HP  728  matte black  F9J68A  300 ml";"0.0";"0.0"
"ZCHP728XY";"HP  728  yellow  F9K15A  300 ml";"0.0";"0.0"
"ZCHP728C";"HP  728 cyan  F9J67A  130 ml";"0.0";"0.0"
"ZCHP728M";"HP  728 magenta  F9J66A  130 ml";"0.0";"0.0"
"ZCHP728MB";"HP  728 matte black  F9J64A  69 ml";"0.0";"0.0"
"ZCHP728Y";"HP  728 yellow  F9J65A  130 ml";"0.0";"0.0"
"ZHP73CR";"HP  73 chrome red  CD951A 130 ml";"0.0";"0.0"
"ZCHP730C130";"HP  730  P2V62A cyan 130 ml";"0.0";"0.0"
"ZCHP730M130";"HP  730  P2V63A magenta 130 ml";"0.0";"0.0"
"ZCHP730Y130";"HP  730  P2V64A yellow 130 ml";"0.0";"0.0"
"ZCHP730B130";"HP  730  P2V65A matte black 130 ml";"0.0";"0.0"
"ZCHP730G130";"HP  730  P2V66A grey 130 ml";"0.0";"0.0"
"ZCHP730BP130";"HP  730  P2V67A photo black 130 ml";"0.0";"0.0"
"ZCHP730C300";"HP  730  P2V68A cyan 300 ml";"0.0";"0.0"
"ZCHP730M300";"HP  730  P2V69A magenta 300 ml";"0.0";"0.0"
"ZCHP730Y300";"HP  730  P2V70A yellow 300 ml";"0.0";"0.0"
"ZCHP730BM300";"HP  730  P2V71A matte black 300 ml";"0.0";"0.0"
"ZCHP730G300";"HP  730  P2V72A grey 300 ml";"0.0";"0.0"
"ZCHP730BP300";"HP  730  P2V73A photo black 300 ml";"0.0";"0.0"
"ZZCHP730S";"HP  730 SETUP";"0.0";"0.0"
"ZHP74BLS";"HP  74 black START";"0.0";"0.0"
"ZHP74CST";"HP  74 col START";"0.0";"0.0"
"ZHP745C";"HP  745 cyan  F9K03A  300 ml";"0.0";"0.0"
"ZHP745M";"HP  745 magenta  F9K01A  300 ml";"0.0";"0.0"
"ZHP745mb";"HP  745 matte black  F9K05A  300 ml";"0.0";"0.0"
"ZHP745PB";"HP  745 photo black  F9K04A  300 ml";"0.0";"0.0"
"ZHP745R";"HP  745 red  F9K06A  300 ml";"0.0";"0.0"
"ZHP745Y";"HP  745 yellow  F9K02A  300 ml";"0.0";"0.0"
"ZHP746C";"HP  746 cyan  P2V80A  300 ml";"0.0";"0.0"
"ZHP746M";"HP  746 magenta  P2V78A  300 ml";"0.0";"0.0"
"ZHP746MB";"HP  746 matte black  P2V83A  300 ml";"0.0";"0.0"
"ZHP746PB";"HP  746 photo black  P2V82A  300 ml";"0.0";"0.0"
"ZHP746R";"HP  746 red  P2V81A  300 ml";"0.0";"0.0"
"ZHP746Y";"HP  746 yellow  P2V79A  300 ml";"0.0";"0.0"
"hp75xl";"HP  75 XL";"0.0";"0.0"
"ZHP764G";"HP  764 grey  C1Q18A  300 ml";"0.0";"0.0"
"ZHP764MB";"HP  764 matte black  C1Q17A  300 ml";"0.0";"0.0"
"ZHP772C";"HP  772  cyan  CN636A  300 ml";"0.0";"0.0"
"ZHP772LC";"HP  772  light cyan  CN632A  300 ml";"0.0";"0.0"
"ZHP772LG";"HP  772  light grey  CN634A  300 ml";"0.0";"0.0"
"ZHP772LM";"HP  772  light magenta  CN631A  300 ml";"0.0";"0.0"
"ZHP772M";"HP  772  magenta  CN629A  300 ml";"0.0";"0.0"
"ZHP772MB";"HP  772  matte black  CN635A  300 ml";"0.0";"0.0"
"ZHP772PB";"HP  772  photo black  CN633A  300 ml";"0.0";"0.0"
"ZHP772Y";"HP  772  yellow  CN630A  300 ml";"0.0";"0.0"
"ZCHP80B";"HP  80  mix";"0.0";"0.0"
"ZCHP82SC";"HP  82  cyan  CH566A  28 ml";"0.0";"0.0"
"ZCHP82SM";"HP  82  magenta  CH567A  28 ml";"0.0";"0.0"
"ZCHP82SY";"HP  82  yellow  CH568A  28 ml";"0.0";"0.0"
"ZGHP565H";"HP  82 black  CH565H  69 ml";"0.0";"0.0"
"ZGHP4911C";"HP  82 cyan  C4911A  69 ml";"0.0";"0.0"
"ZGHP4912M";"HP  82 magenta  C4912A  69 ml";"0.0";"0.0"
"ZGHP4913Y";"HP  82 yellow  C4913A  69 ml";"0.0";"0.0"
"ZCHP84B";"HP  84 black  C5016A cartridge   69 ml";"0.0";"0.0"
"ZGHP84B";"HP  84 black  C5019A printerhead";"0.0";"0.0"
"ZCHP85CP";"HP  85  cyan C9420A printhead";"0.0";"0.0"
"ZCHP85MP";"HP  85  magenta C9421A printhead";"0.0";"0.0"
"ZCHP85PC";"HP  85  photo cyan C9423A printhead";"0.0";"0.0"
"ZCHP85pm";"HP  85  photo magenta C9424A printhead";"0.0";"0.0"
"ZCHP85YP";"HP  85  yellow C9422A printhead";"0.0";"0.0"
"ZCHP85CC";"HP  85 cyan  C9425A  cartr 28 ml";"0.0";"0.0"
"ZCHP85LC";"HP  85 light cyan C9428A cartr 69 ml";"0.0";"0.0"
"ZCHP85LM";"HP  85 light magenta  C9429A cartr 69 ml";"0.0";"0.0"
"ZCHP85M";"HP  85 magenta  C9426A cartr 28 ml";"0.0";"0.0"
"ZGHP85Y";"HP  85 yellow  C9427A  cartr  69 ml";"0.0";"0.0"
"ZCHP88S";"HP  88 mix SETUP and SMALL";"0.0";"0.0"
"ZGHP550B";"HP  88XL black  C9396AE";"0.0";"0.0"
"ZGHP550C";"HP  88XL cyan  C9391AE";"0.0";"0.0"
"ZGHP550M";"HP  88XL magenta  C9392AE";"0.0";"0.0"
"ZGHP550Y";"HP  88XL yellow  C9393AE";"0.0";"0.0"
"ZHP902B";"HP  902 black";"0.0";"0.0"
"ZHP902C";"HP  902 cyan";"0.0";"0.0"
"ZHP902M";"HP  902 magenta";"0.0";"0.0"
"ZGHP902S";"HP  902 SETUP";"0.0";"0.0"
"ZHP902Y";"HP  902 yellow";"0.0";"0.0"
"ZGHP902XL";"HP  902XL";"0.0";"0.0"
"ZGHP902XLBL";"HP  902XL black";"0.0";"0.0"
"ZHP902XLC";"HP  902XL cyan";"0.0";"0.0"
"ZHP902XLM";"HP  902XL magenta";"0.0";"0.0"
"ZHP902XLY";"HP  902XL yellow";"0.0";"0.0"
"ZCHP903B";"HP  903 black  T6L99AE";"0.0";"0.0"
"ZCHP903C";"HP  903 cyan  T6L87AE";"0.0";"0.0"
"ZCHP903M";"HP  903 magenta";"0.0";"0.0"
"ZGHP903S";"HP  903 mix SETUP";"0.0";"0.0"
"ZCHP903Y";"HP  903 yellow  T6L95AE";"0.0";"0.0"
"ZGHP903XLB";"HP  903XL black  T6M15AE";"0.0";"0.0"
"ZGHP903XLC";"HP  903XL cyan  T6M03AE";"0.0";"0.0"
"ZGHP903XLM";"HP  903XL magenta  T6M07AE";"0.0";"0.0"
"ZGHP903XLY";"HP  903XL yellow  T6M11AE";"0.0";"0.0"
"ZHP905B";"HP  905 black";"0.0";"0.0"
"ZHP905C";"HP  905 cyan";"0.0";"0.0"
"ZHP905M";"HP  905 magenta";"0.0";"0.0"
"ZHP905S";"HP  905 SETUP";"0.0";"0.0"
"ZHP905Y";"HP  905 yellow";"0.0";"0.0"
"ZHP905XLB";"HP  905XL black";"0.0";"0.0"
"ZHP905XLC";"HP  905XL cyan";"0.0";"0.0"
"ZHP905XLM";"HP  905XL magenta";"0.0";"0.0"
"ZHP905XLY";"HP  905XL yellow";"0.0";"0.0"
"hp907xl";"HP  907XL black  T6M19AE";"0.0";"0.0"
"ZCHP910B";"HP  910 black  3YL61AN";"0.0";"0.0"
"ZCHP910c";"HP  910 cyan  3YL58AN";"0.0";"0.0"
"ZCHP910m";"HP  910 magenta  3YL59AN";"0.0";"0.0"
"ZCHP910Y";"HP  910 yellow  3YL60AN";"0.0";"0.0"
"ZCHP910XLB";"HP  910XL black  3YL65AN";"0.0";"0.0"
"ZCHP910XLC";"HP  910XL cyan  3YL62AN";"0.0";"0.0"
"ZCHP910XLM";"HP  910XL magenta  3YL63AN";"0.0";"0.0"
"ZCHP910XLY";"HP  910XL yellow  3YL64AN";"0.0";"0.0"
"ZCHP912b";"HP  912 black  3YL80AE";"0.0";"0.0"
"ZCHP912C";"HP  912 cyan  3YL77AE";"0.0";"0.0"
"ZCHP912M";"HP  912 magenta  3YL78AE";"0.0";"0.0"
"ZHP912SM";"HP  912 mix SETUP";"0.0";"0.0"
"ZCHP912Y";"HP  912 yellow  3YL79AE";"0.0";"0.0"
"ZCHP912XLB";"HP  912XL black  3YL84AE";"0.0";"0.0"
"ZCHP912XLC";"HP  912XL cyan  3YL81AE";"0.0";"0.0"
"ZCHP912XLM";"HP  912XL magenta  3YL82AE";"0.0";"0.0"
"ZCHP912XLY";"HP  912XL yellow  3YL83AE";"0.0";"0.0"
"ZCHP913S";"HP  913  mix SETUP";"0.0";"0.0"
"ZCHP913AB";"HP  913A black  L0R95AE";"0.0";"0.0"
"ZCHP913AC";"HP  913A cyan  F6T77AE";"0.0";"0.0"
"ZCHP913AM";"HP  913A magenta  F6T78AE";"0.0";"0.0"
"ZCHP913AY";"HP  913A yellow  F6T79AE";"0.0";"0.0"
"ZCHP916XLB";"HP  916XL black  3YL66AN";"0.0";"0.0"
"ZCHP917XLB";"HP  917XL black  3YL85AE";"0.0";"0.0"
"ZGHP920B";"HP  920 black  CD971AE";"0.0";"0.0"
"ZGHP920C";"HP  920 cyan";"0.0";"0.0"
"ZGHP920M";"HP  920 magenta";"0.0";"0.0"
"ZCHP920S";"HP  920 mix SETUP";"0.0";"0.0"
"ZGHP920Y";"HP  920 yellow";"0.0";"0.0"
"ZGHP920BXL";"HP  920XL black  CD975AE";"0.0";"0.0"
"ZGHP920CXL";"HP  920XL cyan  CD972AE";"0.0";"0.0"
"ZGHP920 M XL";"HP  920XL magenta  CD973AE";"0.0";"0.0"
"ZGHP920YXL";"HP  920XL yellow  CD974AE";"0.0";"0.0"
"ZGHP932BL";"HP  932 black  CN057AE";"0.0";"0.0"
"ZGHP932S";"HP  932 SETUP";"0.0";"0.0"
"ZGHP932B";"HP  932XL black  CN053AE";"0.0";"0.0"
"ZGHP933CY";"HP  933 cyan";"0.0";"0.0"
"ZGHP933MA";"HP  933 magenta";"0.0";"0.0"
"ZGHP933S";"HP  933 SETUP";"0.0";"0.0"
"ZGHP933YE";"HP  933 yellow";"0.0";"0.0"
"ZGHP933C";"HP  933XL cyan  CN054AE";"0.0";"0.0"
"ZGHP933M";"HP  933XL magenta  CN055AE";"0.0";"0.0"
"ZGHP933Y";"HP  933XL yellow  CN056AE";"0.0";"0.0"
"ZGHP934B";"HP  934 black";"0.0";"0.0"
"ZGHP934S";"HP  934 SETUP";"0.0";"0.0"
"ZCHP934XLB";"HP  934XL   C2P20AE";"0.0";"0.0"
"ZGHP935C";"HP  935 cyan";"0.0";"0.0"
"ZGHP935M";"HP  935 magenta";"0.0";"0.0"
"ZGHP935S";"HP  935 SETUP";"0.0";"0.0"
"ZGHP935Y";"HP  935 yellow";"0.0";"0.0"
"ZCHP935C";"HP  935XL cyan  C2P21AE";"0.0";"0.0"
"ZCHP935M";"HP  935XL magenta  C2P23AE";"0.0";"0.0"
"ZCHP935Y";"HP  935XL yellow  C2P22AE";"0.0";"0.0"
"ZHP94B";"HP  94 black  C8765WN";"0.0";"0.0"
"ZHP94BLS";"HP  94 black START";"0.0";"0.0"
"ZHP940BL";"HP  940  black";"0.0";"0.0"
"ZHP940C";"HP  940  cyan";"0.0";"0.0"
"ZHP940M";"HP  940  magenta";"0.0";"0.0"
"ZHP940Y";"HP  940  yellow";"0.0";"0.0"
"ZCHP940S";"HP  940 mix SETUP";"0.0";"0.0"
"ZGHP940XLB";"HP  940 XL black  C4906AE";"0.0";"0.0"
"ZGHP940XLC";"HP  940 XL cyan  C4907AE";"0.0";"0.0"
"ZGHP940XLM";"HP  940 XL magenta  C4908AE";"0.0";"0.0"
"ZGHP940XLY";"HP  940 XL yellow  C4909AE";"0.0";"0.0"
"ZGHP950B";"HP  950 black          CN049AE";"0.0";"0.0"
"ZGHP950BS";"HP  950 black SETUP";"0.0";"0.0"
"ZGHP950BXL";"HP  950XL black     CN045AE";"0.0";"0.0"
"ZGHP950SCMY";"HP  951 cmy SETUP";"0.0";"0.0"
"ZGHP951C";"HP  951 cyan        CN050S";"0.0";"0.0"
"ZGHP951M";"HP  951 magenta        CN051S";"0.0";"0.0"
"ZGHP951Y";"HP  951 yellow        CN052S";"0.0";"0.0"
"ZGHP951XLC";"HP  951XL cyan   CN046AE";"0.0";"0.0"
"ZGHP951XLM";"HP  951XL magenta   CN047AE";"0.0";"0.0"
"ZCHP951XLY";"HP  951XL yellow   CN048AE";"0.0";"0.0"
"ZHP952SM";"HP  952 mix SETUP";"0.0";"0.0"
"hp952xl";"HP  952XL          F6U19AN";"0.0";"0.0"
"ZGHP953B";"HP  953 black  L0S58AE";"0.0";"0.0"
"ZGHP953C";"HP  953 cyan  F6U12AE";"0.0";"0.0"
"ZGHP953M";"HP  953 magenta  F6U13AE";"0.0";"0.0"
"ZCHP903S";"HP  953 mix  SETUP";"0.0";"0.0"
"ZGHP953Y";"HP  953 yellow  F6U14AE";"0.0";"0.0"
"ZGHP953XLB";"HP  953XL black  L0S70AE";"0.0";"0.0"
"ZGHP953XLC";"HP  953XL cyan  F6U16AE";"0.0";"0.0"
"ZGHP953XLM";"HP  953XL magenta  F6U17AE";"0.0";"0.0"
"ZGHP953XLY";"HP  953XL yellow  F6U18AE";"0.0";"0.0"
"ZCHP957XLB";"HP  957XL black  L0R40AE";"0.0";"0.0"
"ZHP962B";"HP  962 black";"0.0";"0.0"
"ZHP962C";"HP  962 cyan";"0.0";"0.0"
"ZHP962M";"HP  962 magenta";"0.0";"0.0"
"ZHP962S";"HP  962 SETUP";"0.0";"0.0"
"ZHP962Y";"HP  962 yellow";"0.0";"0.0"
"ZCHP963S";"HP  963   SETUP";"0.0";"0.0"
"ZCHP963B";"HP  963 black  3JA26AE";"0.0";"0.0"
"ZCHP963C";"HP  963 cyan  3JA23AE";"0.0";"0.0"
"ZCHP963M";"HP  963 magenta  3JA24AE";"0.0";"0.0"
"ZCHP963Y";"HP  963 yellow  3JA25AE";"0.0";"0.0"
"ZCHP963XLB";"HP  963XL black  3JA30AE";"2.0";"2.0"
"ZCHP963XLC";"HP  963XL cyan  3JA27AE";"2.0";"2.0"
"ZCHP963XLM";"HP  963XL magenta  3JA28AE";"2.0";"2.0"
"ZCHP963XLY";"HP  963XL yellow  3JA29AE";"2.0";"2.0"
"ZCHP967XLB";"HP  967XL black  3JA31AE";"0.0";"0.0"
"ZHP97C";"HP  97 color  C9363WN";"0.0";"0.0"
"ZHP97CS";"HP  97 color START";"0.0";"0.0"
"ZGHP970B";"HP  970 black  CN621AE";"0.0";"0.0"
"ZGHP970SB";"HP  970 black SETUP";"0.0";"0.0"
"ZGHP970BXL";"HP  970XL  black  CN625AE";"0.0";"0.0"
"ZGHP971C";"HP  971 cyan  CN622AE";"0.0";"0.0"
"ZGHP971M";"HP  971 magenta  CN623AE";"0.0";"0.0"
"ZGHP971SCMY";"HP  971 mix SETUP";"0.0";"0.0"
"ZGHP971Y";"HP  971 yellow  CN624AE";"0.0";"0.0"
"ZGHP971CXL";"HP  971XL cyan  CN626AE";"0.0";"0.0"
"ZGHP971MXL";"HP  971XL magenta  CN627AE";"0.0";"0.0"
"ZGHP971YXL";"HP  971XL yellow  CN628AE";"0.0";"0.0"
"ZCHP972B";"HP  972 black";"0.0";"0.0"
"ZCHP972C";"HP  972 cmy";"0.0";"0.0"
"ZCHP972BXL";"HP  972X black";"0.0";"0.0"
"ZCHP972CXL";"HP  972X cmy";"0.0";"0.0"
"ZGHP973B";"HP  973 black";"0.0";"0.0"
"ZGHP973C";"HP  973 cyan";"0.0";"0.0"
"ZGHP973M";"HP  973 magenta";"0.0";"0.0"
"ZGHP973S";"HP  973 mix SETUP";"0.0";"0.0"
"ZGHP973Y";"HP  973 yellow";"0.0";"0.0"
"ZGHP973BXL";"HP  973X black  L0S07AE";"0.0";"0.0"
"ZGHP973CXL";"HP  973X cyan  F6T81AE";"0.0";"0.0"
"ZGHP973MXL";"HP  973X magenta  F6T82AE";"0.0";"0.0"
"ZGHP973YXL";"HP  973X yellow  F6T83AE";"0.0";"0.0"
"ZGHP976S";"HP  976 SETUP";"0.0";"0.0"
"ZGHP976XL";"HP  976XL black  L0S20YC";"0.0";"0.0"
"ZGHP976YC";"HP  976XL cyan  L0S29YC";"0.0";"0.0"
"ZGHP976YM";"HP  976XL magenta  L0S30YC";"0.0";"0.0"
"ZGHP976YY";"HP  976XL yellow  L0S31YC";"0.0";"0.0"
"ZCHP976YB";"HP  976Y black  L0R08A";"0.0";"0.0"
"ZCHP980B";"HP  980 black  D8J10A";"0.0";"0.0"
"ZCHP980BS";"HP  980 black SETUP";"0.0";"0.0"
"ZCHP980SCMY";"HP  980 cmy SETUP";"0.0";"0.0"
"ZCHP980C";"HP  980 cyan  D8J07A";"0.0";"0.0"
"ZCHP980M";"HP  980 magenta  D8J08A";"0.0";"0.0"
"ZCHP980Y";"HP  980 yellow  D8J09A";"0.0";"0.0"
"ZCHP981AB";"HP  981A black  J3M71A";"0.0";"0.0"
"ZHP981s";"HP  981A cmyk SETUP";"0.0";"0.0"
"ZCHP981AC";"HP  981A cyan  J3M68A";"0.0";"0.0"
"ZCHP981AM";"HP  981A magenta  J3M69A";"0.0";"0.0"
"ZCHP981AY";"HP  981A yellow  J3M70A";"0.0";"0.0"
"ZCHP981XB";"HP  981X black  L0R12A";"0.0";"0.0"
"ZCHP981XC";"HP  981X cyan  L0R09A";"0.0";"0.0"
"ZCHP981XM";"HP  981X magenta  L0R10A";"0.0";"0.0"
"ZCHP981XY";"HP  981X yellow  L0R11A";"0.0";"0.0"
"ZCHP981YB";"HP  981Y black  L0R16A";"0.0";"0.0"
"ZCHP981YC";"HP  981Y cyan  L0R13A";"0.0";"0.0"
"ZCHP981YM";"HP  981Y magenta  L0R14A";"0.0";"0.0"
"ZCHP981YY";"HP  981Y yellow  L0R15A";"0.0";"0.0"
"ZHP982B";"HP  982 black";"0.0";"0.0"
"ZHP982C";"HP  982 cyan";"0.0";"0.0"
"ZHP982M";"HP  982 magenta";"0.0";"0.0"
"ZHP982Y";"HP  982 yellow";"0.0";"0.0"
"ZCHP982XLB";"HP  982XL black  T0B30A";"0.0";"0.0"
"ZCHP982XLC";"HP  982XL cyan  T0B27A";"0.0";"0.0"
"ZCHP982MXL";"HP  982XL magenta  T0B28A";"0.0";"0.0"
"ZCHP982YXL";"HP  982XL yellow  T0B29A";"0.0";"0.0"
"ZHP99C";"HP  99 color  C9369WN";"0.0";"0.0"
"ZHP99CS";"HP  99 color START";"0.0";"0.0"
"ZGHP991S";"HP  991  mix SETUP";"0.0";"0.0"
"ZGHP991AB";"HP  991A black  M0J86AE";"0.0";"0.0"
"ZCHP991AC";"HP  991A cyan  M0J74AE";"0.0";"0.0"
"ZCHP991AM";"HP  991A magenta  M0J78AE";"0.0";"0.0"
"ZCHP991AY";"HP  991A yellow  M0J82AE";"0.0";"0.0"
"ZGHP991XB";"HP  991X black  M0K02AE";"0.0";"0.0"
"ZCHP991XC";"HP  991X cyan  M0J90AE";"0.0";"0.0"
"ZCHP991XM";"HP  991X magenta  M0J94AE";"0.0";"0.0"
"ZCHP991XY";"HP  991X yellow  M0J98AE";"0.0";"0.0"
"ZGHP0890DC";"HP  C1823D     23";"0.0";"0.0"
"pa0272";"HP  C1823D     23  NV";"0.0";"0.0"
"ZGHP0930CAI";"HP  C6578A       78 NV  ink";"0.0";"0.0"
"ZGHP0930CA";"HP  C6578A       78A ink";"5.0";"5.0"
"ZGHP0930CD";"HP  C6578D       78D ink";"5.0";"5.0"
"ZGHP0610B";"HP  C6614D/N       20";"0.0";"0.0"
"ZGHP0840B";"HP  C6615D/N         15";"20.0";"20.0"
"ZGHP0840BI";"HP  C6615D/N         15 NV";"10.0";"10.0"
"ZGHP0840C";"HP  C6625A         17";"0.0";"0.0"
"hp17nv";"HP  C6625A         17 NV";"0.0";"0.0"
"ZGHP5550B";"HP  C6656        56";"0.0";"0.0"
"ZGHP5550BI";"HP  C6656        56 NV";"0.0";"0.0"
"ZGHP5550BS";"HP  C6656        56 small";"0.0";"0.0"
"ZGHP5550C";"HP  C6657        57";"0.0";"0.0"
"ZGHP5550CI";"HP  C6657        57 NV";"0.0";"0.0"
"hp57photo";"HP  C6657        57 photo";"0.0";"0.0"
"hp57small";"HP  C6657        57 small start";"0.0";"0.0"
"ZGHP5550PH";"HP  C6658        58";"0.0";"0.0"
"ZGHP5550PHI";"HP  C6658        58 NV";"0.0";"0.0"
"ZGHP3320B";"HP  C8727        27";"0.0";"0.0"
"ZGHP3320BI";"HP  C8727        27 NV";"0.0";"0.0"
"ZGHP3320C";"HP  C8728        28";"0.0";"0.0"
"ZGHP3320CI";"HP  C8728        28 NV";"0.0";"0.0"
"ZGHP5740B";"HP  C8765EE      338";"0.0";"0.0"
"ZGHP5740BI";"HP  C8765EE      338 NV";"0.0";"0.0"
"ZGHP5740BS";"HP  C8765EE      338 START";"0.0";"0.0"
"ZGHP5740BSI";"HP  C8765EE      338 START NV";"0.0";"0.0"
"ZGHP5740C";"HP  C8766EE      343";"0.0";"0.0"
"ZGHP5740CI";"HP  C8766EE      343 NV";"ZB";"0.0"
"ZGHP6540B1N";"HP  C8767EE      339";"0.0";"0.0"
"ZGHP6540B1I";"HP  C8767EE      339 NV";"ZB";"0.0"
"ZGHP9351BA";"HP  C9351AE      21 duży";"0.0";"0.0"
"hp21m";"HP  C9351AE      21 mały";"0.0";"0.0"
"hp21gsmall";"HP  C9351AE      21G small";"0.0";"0.0"
"ZGHP9351BAI";"HP  C9351AE      21NV/21XLNV";"0.0";"0.0"
"ZGHP9351B";"HP  C9351AE      21XL";"2.0";"2.0"
"ZGHP9352BA";"HP  C9352AE      22 duży";"1.0";"1.0"
"hp22m";"HP  C9352AE      22 mały";"0.0";"0.0"
"ZGHP9352BI";"HP  C9352AE      22/22XL NV";"0.5";"0.5"
"hp22g";"HP  C9352AE      22G";"0.0";"0.0"
"ZGHP9352B";"HP  C9352AE      22XL";"4.0";"4.0"
"ZGHP7600";"HP  C9359AE      59";"0.0";"0.0"
"ZGHP8750PH2";"HP  C9360AE      102 grey photo";"0.0";"0.0"
"ZGHP9361B";"HP  C9361EE      342";"0.0";"0.0"
"ZGHP9361BI";"HP  C9361EE      342 NV";"0.0";"0.0"
"ZGHP6540B2";"HP  C9362EE      336";"0.0";"0.0"
"ZGHP6540B2I";"HP  C9362EE      336 NV";"0.0";"0.0"
"ZGHP6540B2S";"HP  C9362EE      336 START";"0.0";"0.0"
"ZGHP6540C";"HP  C9363EE      344";"0.0";"0.0"
"ZGHP6540CI";"HP  C9363EE      344 NV";"ZB";"0.0"
"ZGHP5440";"HP  C9364EE       337";"0.0";"0.0"
"ZGHP5440I";"HP  C9364EE       337 NV";"0.0";"0.0"
"ZGHP5440S";"HP  C9364EE       337 START";"0.0";"0.0"
"ZGHP8750PH1";"HP  C9365AE      101 blue photo";"0.0";"0.0"
"ZGHP8750B";"HP  C9368EE      100";"0.0";"0.0"
"ZGHP6540PH";"HP  C9369EE      348";"0.0";"0.0"
"ZGHP6540PHI";"HP  C9369EE      348 NV";"0.0";"0.0"
"ZCHPCB256A";"HP  CB256A      343  for Photo Packs";"0.0";"0.0"
"ZGHPCB304AE";"HP  CB304AE      110";"0.0";"0.0"
"ZGHP54B";"HP  CB334AE      54";"0.0";"0.0"
"ZGHPD2560B";"HP  CC640EE      300 bl";"8.0";"8.0"
"ZGHPD2560BI";"HP  CC640EE      300 bl NV";"1.0";"1.0"
"ZGHPD2560XL";"HP  CC641EE      300 XL bl";"8.0";"8.0"
"ZGHPD2560XLI";"HP  CC641EE      300 XL bl  NV";"1.0";"1.0"
"ZGHPD2560C";"HP  CC643EE      300 col";"6.0";"6.0"
"ZGHPD2560CI";"HP  CC643EE      300 col  NV";"1.0";"1.0"
"ZGHPD2560CXL";"HP  CC644EE      300 XL col";"6.0";"6.0"
"ZGHPD2560CXLI";"HP  CC644EE      300 XL col  NV";"1.0";"1.0"
"ZGHPOJ4580B";"HP  CC653AE      901 bl";"8.0";"8.0"
"ZGHPOJ4580BI";"HP  CC653AE      901 bl  NV";"1.0";"1.0"
"ZGHPO4580XL";"HP  CC654AE      901XL bl";"8.0";"8.0"
"ZGHPO4580XLI";"HP  CC654AE      901XL bl NV";"1.0";"1.0"
"ZGHPOJ4580C";"HP  CC656AE      901 col";"6.0";"6.0"
"ZGHPOJ4580CI";"HP  CC656AE      901 col  NV";"1.0";"1.0"
"ZGHPDJ703B";"HP  CD887AE      703 bl";"8.0";"8.0"
"ZGHPDJ703BI";"HP  CD887AE      703 bl NV";"1.0";"1.0"
"ZGHPDJ703C";"HP  CD888AE      703 col";"8.0";"8.0"
"ZGHPDJ703CI";"HP  CD888AE      703 col  NV";"1.0";"1.0"
"ZGHP301BN";"HP  CH561EE      301 bl";"10.0";"10.0"
"ZGHP301BI";"HP  CH561EE      301 bl NV";"2.0";"2.0"
"ZGHP301B";"HP  CH561EE      301 bl OLD";"0.0";"0.0"
"ZGHP301KN";"HP  CH562EE      301 col";"10.0";"10.0"
"ZGHP301KI";"HP  CH562EE      301 col NV";"2.0";"2.0"
"ZGHP301K";"HP  CH562EE      301 col OLD";"0.0";"0.0"
"ZGHP301XLBN";"HP  CH563EE      301XL bl";"10.0";"10.0"
"ZGHP301XLBI";"HP  CH563EE      301XL bl NV";"2.0";"2.0"
"ZGHP301XLB";"HP  CH563EE      301XL bl OLD";"0.0";"0.0"
"ZGHP301XLKN";"HP  CH564EE      301XL col";"10.0";"10.0"
"ZGHP301XLKI";"HP  CH564EE      301XL col NV";"2.0";"2.0"
"ZGHP301XLK";"HP  CH564EE      301XL col OLD";"0.0";"0.0"
"hp301oldnv";"HP  CH56XEE      301/301XL bl col OLD NV";"0.0";"0.0"
"ZGHP704B";"HP  CN692AE      704 bl";"8.0";"8.0"
"ZGHP704BI";"HP  CN692AE      704 bl  NV";"1.0";"1.0"
"ZGHP704C";"HP  CN693AE      704 col";"8.0";"8.0"
"ZGHP704CI";"HP  CN693AE      704 col NV";"1.0";"1.0"
"ZGHP6ZA17AE";"HP  Printhead   6ZA17AE black   X4E75AA";"0.0";"0.0"
"ZGHP6ZA18AE";"HP  Printhead   6ZA18AE color";"0.0";"0.0"
"ZGHPM0H50AC";"HP  Printhead   M0H50A  color";"0.0";"0.0"
"ZGHPM0H51AB";"HP  Printhead   M0H51A  black";"0.0";"0.0"
"ZGHPC8842A";"HP  VERSATILE C8842A";"0.0";"0.0"
"HPW9131";"HP  W9131 cyan";"0.0";"0.0"
"HPW9151";"HP  W9151 MC cyan";"0.0";"0.0"
"HPW9152";"HP  W9152 MC yellow";"0.0";"0.0"
"HPW9153";"HP  W9153 MC magenta";"0.0";"0.0"
"pa0111";"Hp B3F58B SOLVENT";"0.0";"0.0"
"ZGLEZ13B";"Lexmark  10N0016      16";"ZB";"0.0"
"ZGLEZ13BI";"Lexmark  10N0016      16  NV";"ZB";"0.0"
"10n0026";"Lexmark  10N0026      26";"ZB";"0.0"
"ZGLEZ13B1";"Lexmark  10N0217      17";"ZB";"0.0"
"ZGLEZ13B1I";"Lexmark  10N0217      17 NV";"ZB";"0.0"
"ZGLEZ13C1";"Lexmark  10N0227      27";"ZB";"0.0"
"ZGLE3200B";"Lexmark  12A1970      70";"ZB";"0.0"
"12a1980";"Lexmark  12A1980      80";"ZB";"0.0"
"12a1990";"Lexmark  12A1990      90  photo";"ZB";"0.0"
"13400hc";"Lexmark  13400HC";"ZB";"0.0"
"13400nv";"Lexmark  13400HC NV";"ZB";"0.0"
"13619";"Lexmark  13619HC";"ZB";"0.0"
"13620";"Lexmark  13620HC";"ZB";"0.0"
"15m0120";"Lexmark  15M0120      20";"ZB";"0.0"
"15m0125";"Lexmark  15M0125      25";"ZB";"0.0"
"15m2619";"Lexmark  15M2619      19";"ZB";"0.0"
"ZGLEZ32B";"Lexmark  17G0050      50";"ZB";"0.0"
"17g0060";"Lexmark  17G0060       60";"ZB";"0.0"
"ZGLEZ700B";"Lexmark  17G0648      48";"ZB";"0.0"
"18C0031";"Lexmark  18C0031      31";"ZB";"0.0"
"ZGLEZ815B";"Lexmark  18C0032      32";"ZB";"0.0"
"ZGLEZ815C";"Lexmark  18C0033      33";"ZB";"0.0"
"ZGLEZ815B1";"Lexmark  18C0034      34";"ZB";"0.0"
"ZGLEZ815B1I";"Lexmark  18C0034      34 NV";"ZB";"0.0"
"ZGLEZ815C1";"Lexmark  18C0035      35";"ZB";"0.0"
"ZGLEZ815C1I";"Lexmark  18C0035      35 NV";"ZB";"0.0"
"ZGLEX18C190B2";"Lexmark  18C0190E    2";"ZB";"0.0"
"ZGLEZ815B3";"Lexmark  18C0781E    1";"ZB";"0.0"
"ZGLEZ815B3I";"Lexmark  18C0781E    1 NV";"ZB";"0.0"
"lex28";"Lexmark  18C1428E    28";"ZB";"0.0"
"lex29";"Lexmark  18C1429E    29";"ZB";"0.0"
"lex23";"Lexmark  18C1523E    23";"ZB";"0.0"
"lex24";"Lexmark  18C1524E    24";"ZB";"0.0"
"ZGLE18C1530B3";"Lexmark  18C1530E    3";"ZB";"0.0"
"lex14";"Lexmark  18C2090E    14";"ZB";"0.0"
"lex15";"Lexmark  18C2110E    15";"ZB";"0.0"
"lex36";"Lexmark  18C2130E    36";"ZB";"0.0"
"lex37";"Lexmark  18C2140E    37";"ZB";"0.0"
"lex36xl";"Lexmark  18C2170E    36XL";"ZB";"0.0"
"lex37xl";"Lexmark  18C2180E    37XL";"ZB";"0.0"
"lex82";"Lexmark  18L0032      82";"ZB";"0.0"
"lex83";"Lexmark  18L0042      83";"ZB";"0.0"
"lex41";"Lexmark  18Y0141E    41";"ZB";"0.0"
"lex42";"Lexmark  18Y0142E    42";"ZB";"0.0"
"ZGLE0143XL";"Lexmark  18Y0143E    43XL";"ZB";"0.0"
"ZGLE0143XLI";"Lexmark  18Y0143E    43XL  NV";"ZB";"0.0"
"lex44";"Lexmark  18Y0144E    44";"ZB";"0.0"
"ZGLE0144E";"Lexmark  18Y0144E    44XL";"ZB";"0.0"
"ZGLE0144EI";"Lexmark  18Y0144E    44XL  NV";"ZB";"0.0"
"lex45";"Lexmark  18Y0146E    45  photo";"ZB";"0.0"
"lex200";"Lexmark  200 / 210";"ZB";"0.0"
"ZCRIGC41C";"RICOH  GC41C cyan";"ZB";"0.0"
"ZCRIGC41K";"RICOH  GC41K black";"ZB";"0.0"
"ZCRIGC41M";"RICOH  GC41M magenta";"ZB";"0.0"
"ZCRIGC41Y";"RICOH  GC41Y yellow";"ZB";"0.0"
"ZGSM10";"Samsung  M10";"0.0";"0.0"
"ZGSM40";"Samsung  M40";"0.0";"0.0"
"ZGSM40I";"Samsung  M40 NV";"0.0";"0.0"
"ZGSM41";"Samsung  M41";"0.0";"0.0"
"ZGSM41I";"Samsung  M41 NV";"0.0";"0.0"
"ZGSM55";"Samsung  M55";"0.0";"0.0"
